0.0266580868230977,0.00115676601865462,-0.00159338689107461
0.0264524202231606,-1.88461288657125e-05,-3.86792553729111e-06
0.0264524202083183,-1.8846155177219e-05,-3.86792033664571e-06
0.0264524201193187,-1.88461098001267e-05,-3.86792800100065e-06
0.0264524202176776,-1.88461187464425e-05,-3.86791822876653e-06
0.0264524203586876,-1.88455342611494e-05,-3.86793507479691e-06
0.0264524202673553,-1.88455021393871e-05,-3.86793019674961e-06
0.0264524203436244,-1.88458654330385e-05,-3.86791639440971e-06
0.0264524203900323,-1.88457821045674e-05,-3.86791894752939e-06
0.027346252767703,0.00209640253819417,0.00122183746054682
0.0264524204735503,-1.88454326539612e-05,-3.86794022163577e-06
0.0264524204650422,-1.88453894363994e-05,-3.86793198344979e-06
0.0264524204125589,-1.88453693221037e-05,-3.86793933072874e-06
0.0264524203735352,-1.8845372222555e-05,-3.86793965326293e-06
0.0264524204170972,-1.88454485936002e-05,-3.86794083463765e-06
0.016261052711536,-1.15851335190647e-05,-2.37772936331064e-06
0.0264524203766037,-1.88457694332627e-05,-3.86792333490398e-06
0.0264524204633312,-1.8845429981375e-05,-3.86794186601641e-06
0.0264524204572476,-1.88453755628132e-05,-3.86794513153681e-06
0.0264524204060754,-1.88453495992654e-05,-3.86794157091194e-06
0.0273584803788401,0.00195568165359522,0.00158539708794178
0.026054751495317,0.0038131242690025,-0.00560296691712321
0.0335447108853126,-0.0152513499301559,0.00091891085020359
0.0296926338160897,-0.0153582553777589,0.00167715659471666
0.0289467292214109,-0.0153770445102809,0.00182365090903971
0.0290917137065786,-0.0052504883503503,0.000408688778982063
0.0249211203862413,0.000531504110349279,5.55937888928559e-05
0.0292777439846808,0.000136885630016695,0.00015687252518422
0.0234844804054445,-0.00892078328438096,0.00201379937057794
0.0234024267694627,-0.0154881661335084,0.00290764644509621
0.0236660102937832,0.00508415415426591,0.000105519797902122
0.0235389074245226,-0.00469266283621955,0.00143780067864317
0.0241814408503711,0.0152040306045334,-0.00137349551475243
0.0242937080314001,0.0145316017964905,-0.00131336670492753
0.0238271864415526,0.017372637428971,-0.00156948530904887
0.0234616930667019,0.0196560934501157,-0.00177785061097421
0.0232904360837619,0.0207819697836267,-0.00188296291797509
0.0233256565104861,0.0205730555873643,-0.00186437252800358
0.0231614469109133,0.0216886527290359,-0.00196998082667362
0.0231298487854985,0.0219225230023514,-0.00199287050286518
0.0231167032969669,0.0220377893914542,-0.00201772280825644
0.023106727622326,0.0221160577809677,-0.00202492095789112
0.0229485598149004,0.0233111459815004,-0.00213297104643995
0.0229865191680687,0.0230260395787869,-0.0021072654785754
0.0292784130555361,0.000136107772815334,0.00015621947238379
0.0237043795731513,0.0175511564271709,-0.00161013411173342
0.0228971198768285,0.0236955715201442,-0.00216754807247557
0.0232852270190956,0.0207571249732,-0.00190162772107448
0.0229077822496275,0.0236091209834583,-0.00215948620187259
0.0249302758765044,0.00142784434512746,-0.000595719488902181
0.022542267496192,0.00076344064527491,-0.00013371631940354
0.0253700273753492,0.00115245013959534,-0.000521686229458816
0.0208196414218051,-0.00927821367245813,0.00197212958721565
0.0225140595581999,0.000757157073315518,-0.000132336623813132
0.0227060300703042,0.000732859428911213,-0.000128592975069737
0.0249991217731784,0.000292801351280814,-5.52323601770924e-05
0.0224813190727751,0.000742764918437645,-0.000129366989081133
0.0224528508467344,0.000737724066461393,-0.000128234592370639
0.0255838798440005,0.000184374592868697,-3.72735373076075e-05
0.0263904433341866,2.80350746504879e-05,-1.11843121398462e-05
0.0268336157094245,0.000122492845777237,-2.29093347947763e-05
0.0238487812961339,0.0011961155725315,-0.00504429592884666
0.027821600419693,-7.30237497514834e-05,7.50096004866985e-07
0.0279903354629212,-3.93118763663688e-05,-2.36151162030083e-06
0.0279906659768523,-3.92289681275662e-05,-2.38259816424892e-06
0.0279902878007038,-3.93212518709462e-05,-2.3592036263338e-06
0.027990281391208,-3.92985326843927e-05,-2.36337164722839e-06
0.0227331216612303,0.00068074857741143,-0.000118552791257709
0.0279967122332972,-3.7718168707894e-05,-2.7647749488419e-06
0.027994431996447,-3.82915910869344e-05,-2.61981857034923e-06
0.0151454699609137,0.00124529233826957,0.00227720271977896
0.0216278070825038,0.000772835569767947,0.00286243311001035
0.0268246852484039,0.000123516165527971,-2.27140536745607e-05
0.0268450148777652,0.000121600890891599,-2.31223751503721e-05
0.0268500088174026,0.000121289708789192,-2.31517555663094e-05
0.00803430885441857,0.00316364445262874,-0.00117718585246703
0.00719567226246749,-0.0055591353587107,0.000850674931493154
0.00146598659621017,-0.00113387831968087,0.000173539712176607
0.00288320795348944,-0.00222879701060049,0.000341087522911805
0.0272600261453901,0.000107595393892938,-2.12657915551212e-05
0.0271090706430594,0.000113223421738175,-2.22441025274482e-05
0.0270221273839922,0.000116364871171599,-2.27632064876028e-05
0.0269964138760801,0.000117218709782067,-2.2879639010391e-05
0.027650076637587,-8.45020142669252e-05,1.66169066155504e-06
0.0311065811113038,0.00438765066509449,-0.000803208746810454
0.0311069795862746,0.00438176627028096,-0.000802149670743688
0.0134094319456227,-0.0103508191259913,0.00158371336145686
0.0116835976404171,-0.00902485003509642,0.00138097476299961
0.0114583495942794,5.38641965636143e-05,6.16338682191731e-05
0.015047259923481,-8.79151864933204e-05,1.17909968224568e-05
0.0301961375424342,0.0045127180803198,0.0149714022995987
0.0302132084340124,0.00466678291205242,0.0156346319145824
0.0302066565439482,0.00472987981885526,0.0159036706812349
0.0402035505805683,-0.000534438738138579,7.572467950033e-05
0.0396279246298927,-0.00052027736968622,7.39713050725095e-05
7.17754212226596e-11,-2.51923482546893e-12,1.08509299577047e-12
0.0267773746989999,0.000130705603843996,-2.13110328943988e-05
0.0297059587151939,-0.000199909904316109,2.99134550987282e-05
0.0198113143300629,-0.000133173907407182,1.99223467834734e-05
0.0261922245933466,-0.000176125000692898,2.63492286527829e-05
1.20178475869491e-06,-1.29496583313557e-08,4.46517620238302e-09
-2.01617733821505e-09,-2.13224594971528e-09,-3.11881364512767e-09
7.1823407198822e-11,-2.52091922551886e-12,1.08581851152978e-12
3.4407116697465e-10,4.42185377575766e-11,1.91154903169255e-11
7.51222277020259e-11,-2.63670368505304e-12,1.13568955527075e-12
4.34730386896847e-06,-8.70192018925107e-08,5.06207021414741e-10
7.19361687305399e-11,-2.52487675507549e-12,1.08752310126845e-12
7.07702573348646e-08,-1.40060714039357e-09,2.06674942602597e-10
4.13816191291335e-08,6.77168111475823e-08,-2.34079444601229e-08
-5.62472056268844e-07,1.44637381444435e-08,-2.19255624812789e-09
0.0267795586054706,0.000130283624228462,-2.13962517474904e-05
0.0208315624452652,-0.0160084885957824,0.00244775124900066
0.0330817827329397,-0.00031587414536855,4.61632318208866e-05
4.3096524295004e-10,-5.59508638317718e-10,8.70422781195376e-11
2.6642325582976e-07,3.67519647012743e-08,-6.77096073355503e-09
7.67715256589444e-11,-2.69459218973777e-12,1.16062348941664e-12
7.16801840957573e-11,-2.51589223873206e-12,1.08365327282506e-12
-4.3913525205217e-08,2.73619101172606e-09,-4.60766298477395e-10
7.39730431143812e-11,-2.59636856685454e-12,1.11831628523414e-12
9.00164702843423e-08,1.24278966624047e-08,-2.27622186375283e-09
1.21463852716301e-06,-8.80615105347939e-08,1.50421566456375e-08
7.28429648440275e-11,-2.55670423555819e-12,1.10123193927328e-12
8.44262681386854e-08,1.1655677429356e-08,-2.13476546265629e-09
7.68425677601382e-11,-2.69708565571342e-12,1.16169747343429e-12
-1.65554345683868e-08,-2.09712276561095e-08,3.81460409099155e-09
7.79804532830372e-11,-2.73702420126874e-12,1.17889993334365e-12
7.68540504406717e-11,-2.69748900685714e-12,1.16187122598873e-12
-3.79329091323117e-08,2.18697019593881e-08,-2.27717809271557e-09
1.4735850838124e-06,8.93019723114724e-07,-3.29635642676996e-07
0.0132630177155698,0.000634408214021851,0.000285606339823684
1.06023705231919e-08,-4.22846576023757e-08,7.79958046512379e-09
0.0198601697219397,0.000277000467384278,-5.08237233779774e-05
0.023129118527614,0.000322979565118268,-5.93053188356487e-05
0.00835221791825813,-1.26432716822096e-06,-3.4003692263395e-06
0.0055063066281017,0.000307208759885072,-5.4168652212232e-05
0.0107184401501634,0.000607962774079413,-0.000107199076203166
0.04463113470016,-0.0012437266155533,0.000198520157544952
0.0497193179290417,-0.00305814341838514,0.000520706350179596
0.0495384518532567,-0.00304509181486279,0.000518484604777048
0.0498291585930501,-0.00306602174984589,0.000522047057543193
0.00951716853304351,0.00156663555066954,-0.000150043429362662
0.0498163729244472,-0.00306509547083541,0.000521889350836088
0.0495156437765633,-0.00304375335555778,0.000518259324942473
0.0156760933328682,0.00111867844627696,0.000586079181877589
0.034249751472808,-0.00165277235074377,0.000280261712836886
0.0072619650497557,-7.48141663467802e-05,-0.00011451375917723
0.0128247255626795,-1.93602384190306e-06,-5.22208627527327e-06
0.0263525583198677,-0.00204520951855161,0.000157146247446622
0.0264173107674862,0.000382333850477469,-7.34427022166709e-05
0.0268349768224344,0.000410756662182802,-7.92547799502574e-05
0.0268349824790953,0.000410832371219687,-7.92730962481624e-05
0.0268349756338412,0.000410486351305113,-7.91673052079506e-05
0.0268349811448572,0.000410589395648245,-7.91976917883941e-05
0.0416325691926988,-0.00248257114865952,0.000422774826127085
0.04643573101653,-0.00282470202320521,0.000480995920032776
0.0469223752136564,-0.00285935482919603,0.000486892357330735
0.0256325038171715,0.000470462886273068,-0.000270381854402433
0.0109734786890279,-0.000110170345035098,-0.000168984659985084
0.0399216359972163,-0.000577789454879163,8.39450278288958e-05
0.00701505627257036,0.000394877066195278,-6.96355838399284e-05
0.0482143753199039,-0.00295101460107492,0.000502482315247559
0.0358436355955576,-0.00119568388779422,-0.00460583647492991
0.0177946747596478,-0.00224471275132234,0.000325551494840631
0.0205278309488886,-0.00815969453109706,0.00126040153384246
0.0249985199447697,0.000456886925903025,-8.16910557577763e-05
0.0230156114529021,0.000847063163003677,-0.000144995358944194
0.023017707588018,0.000849011027171303,-0.000145353598774296
0.0230192213746499,0.000850134287510666,-0.000145559463668795
0.0230238748892337,0.000851987413664964,-0.000145893960567376
0.0270944037677051,0.000115293379930272,-2.12812583335993e-05
0.0269738233712004,0.000121093148109418,-2.1336027753993e-05
0.023015914013811,0.00084857072910371,-0.000145275845363636
0.0230155753084159,0.000848422214567223,-0.000145248942693155
0.0270870105917985,0.000115764944059938,-2.13093242421512e-05
0.0292760794574463,0.000138742719008997,0.000158404642582722
0.0260033774745874,-0.000245902884265119,8.76112261243955e-05
0.0260033658653121,-0.000245925362656594,8.76240617902163e-05
0.0290825176680369,0.0113727469436627,-0.00423334031981362
0.0125680645306325,5.35767837500963e-05,-9.88530212588727e-06
0.0106418579927514,4.53802342693811e-05,-8.37235610217528e-06
0.0227337810840716,-0.00314807622874367,0.000562347861569344
0.0205488143739102,-0.00629581380699183,0.000971797376427923
0.0266782714158455,0.00641666219147187,-0.00117327327540771
0.0299569991800465,0.00788295085773118,-0.00143146509794116
0.0298956345750946,0.00780553872964616,-0.0014174421131127
0.0299673602312763,0.00789446698220488,-0.00143355315626968
0.0227312972850857,-0.00315053646574019,0.000562794526390585
0.0227295050859911,-0.00315230448469361,0.000563115563619986
0.00490444191227096,0.00193420210365605,-0.000719666222106024
0.0148469848883656,0.00578645739959315,-0.00215361887797515
0.0153636972078822,-0.0010559273200673,-0.00062322789081837
0.0258086935326672,0.00286768085866304,-0.00052186329040491
0.0249828920026465,0.00199528824507681,-0.000362995216161249
0.0301426638698449,0.00819360917181147,-0.00148770118162771
0.0301260007064526,0.00812264570139384,-0.00147489327663433
0.0293561519559288,0.00716178509657409,-0.00130082781226338
0.0230184350634643,0.000844706819343132,-0.000144548573260776
0.0302948992667266,0.00833297838531483,-0.00151299613908852
0.030411868435169,0.00847851301511843,-0.00153936136217025
0.0200795950279291,-0.00108505236967153,-0.00152216011241772
0.0282623773370032,0.00542140127971551,-0.000986366190065146
0.0275549494706024,0.00452428256834538,-0.000823879554854363
0.0168460965479643,-0.00106546339065908,-0.000906901309618799
0.0270432727690756,0.000117584258774342,-2.1497644743023e-05
0.0257466122635969,0.00294208991272484,-0.000535855890235194
0.0292758249597603,0.000139021574755417,0.00015863364693901
0.0225463802911639,-5.40423650771296e-05,8.61637629592386e-06
0.0309062185268562,-0.00019553265438548,2.09853281232523e-05
0.0447371672828155,-0.000431742139023474,4.18309736766141e-05
0.0391278634856635,0.000962506101988842,-0.00020041890360542
0.0422150803482533,0.000195404744682599,-6.71371354834226e-05
0.0439853007629574,-0.000244660340260954,9.3243170383135e-06
0.0443847556209633,-0.000344017408460677,2.65880036007873e-05
0.0447719383328173,-0.000440389787393948,4.33335330053018e-05
0.0447100896268617,-0.000424992684849662,4.0658134751791e-05
0.0446979683629351,-0.000422224064931939,4.01786525486809e-05
0.0446844590403908,-0.000418941458254635,3.960878333031e-05
0.0447164098541452,-0.000426835815913483,4.09801292657253e-05
0.0330202167488232,0.00247963070722679,-0.000464012032444862
0.0152965782482851,-0.00105610859879285,-0.000612078610880776
0.0273612452084789,0.00477446317737039,-0.000868160033246991
0.0281323115800218,0.00582087011267801,-0.0010576043234251
0.0226483872561677,-0.000296354985931237,5.31284393488743e-05
0.0253018180728251,0.00242182072842628,-0.000441543956109583
0.0292758592624693,0.000138983503829645,0.000158602214379493
0.0225461029784862,-5.39539798068732e-05,8.60070529740468e-06
0.0158502452652802,-0.00105967544083835,-0.000718048293073749
0.0225464587315278,-5.4052143139312e-05,8.61798163001418e-06
0.0225463852248168,-5.40369903728097e-05,8.61540745005823e-06
0.0225463320007512,-5.40277441387992e-05,8.61384755599029e-06
0.0249175705249067,-0.000941553896940485,0.000336266036707678
0.0279245259670716,0.000355092223149715,0.000149834031404898
0.0280766151169689,0.000450105578758355,6.32926943176826e-05
0.0266477579528242,0.000797574272829566,0.000612816791430988
0.0266477321914821,0.000797570155178505,0.000612846108314524
0.0266482483793229,0.000797705020342257,0.00061277600058182
0.0266482403521215,0.000797708319683279,0.000612780240362288
0.0254120733248426,-0.00264370476488709,-0.00388533196943471
0.0258822883512618,-0.00133473118497087,-0.00217446045571156
0.0266482682860325,0.000797687860010714,0.000612743816973126
0.0237283730460401,-0.00732904443999073,-0.0100096997461008
0.0237284262561952,-0.00732894087601633,-0.0100095521745876
0.0237284085838304,-0.00732897526345333,-0.0100096011747155
0.0237346414241204,-0.00731601380162702,-0.0099912810765742
0.0254132635238859,0.000782494486883103,-0.000290643147274363
0.0219251676236192,-0.00343638826800089,-0.00173619790199602
0.02374171507788,-0.00730105395272151,-0.00997018471105012
0.0237304534738446,-0.00732484728089581,-0.0100037449685387
0.0237285332446784,-0.0073288608661933,-0.0100094147219833
0.0237276305633598,-0.0073307597491419,-0.0100120948710675
0.0237392895817805,-0.00730624300020472,-0.00997747805034498
0.0237523562940092,-0.00727832670186622,-0.00993821235266566
0.0260517401119925,0.00188109682121728,-0.000689432030363476
0.0237520783970251,-0.00727899653188283,-0.00993913303575257
0.0237521518039159,-0.00727887603737631,-0.00993894902957082
0.0237520791756751,-0.00727903746381516,-0.00993917650108459
0.0237520828195601,-0.00727900624170017,-0.0099391399684909
0.0247822057173369,-0.000927427485509443,0.000330947556747892
0.0237487393902996,-0.00728613180998856,-0.00994916706603878
0.0246053574017971,-0.000918863166316456,0.000327591954854407
0.0237451904271774,-0.00729368056792287,-0.00995979702938556
0.0245162539787334,-0.00532114985517539,-0.00726121547311414
0.00716978392305132,-5.70775104767227e-05,-4.91073575599749e-06
0.00231846764424383,-1.8356219240202e-05,-1.67506550988945e-06
0.0146630713967556,-0.000116834496251167,-9.96422805366444e-06
0.0261962504938958,-0.000246144053447061,-0.000250687419232873
0.0267638800430862,-0.000214184459322286,-1.77052473505437e-05
0.0267648643723815,-0.000213595484005964,-1.79789946200814e-05
0.0267521434140328,-0.000220822496472877,-1.44567201291691e-05
0.0267657366242591,-0.000213077926640468,-1.82215610983834e-05
0.0267423950309053,-0.000226295101855299,-1.17622107171563e-05
0.0267607388656121,-0.000215971959292714,-1.68345858312257e-05
0.0093087580551667,-0.000353906301273075,0.000133540229681664
0.0262049866869433,-0.000284808503404237,-0.000344632821670256
0.0254900867871777,0.000914877425790533,-0.000338783185631548
0.0255012312217325,0.000934115700919308,-0.000345764067024949
0.0195272420100554,0.00251537541640839,-0.000934182752664918
0.0262051750486893,-0.000285618616044863,-0.000346565227298928
0.0451635442726798,-0.0148749346549738,-0.00137451711684926
0.045436658514946,-0.014839067930921,-0.00143141091429894
0.0455111002325018,-0.0148296490956755,-0.00144686330588157
0.0453207453523953,-0.0148542405328762,-0.0014072718072317
0.0451899232304591,-0.0148708988374424,-0.00138010620206053
0.0415948625203335,-0.0153158784889852,-0.000635358809712566
0.0404147077385678,-0.015453762996216,-0.0003923112690997
0.0434103085014203,-0.015091116119681,-0.00101155115628882
0.0218752839010805,-0.00746993790990295,-0.000342538293070063
0.0414624006263013,-0.0153291689858149,-0.000608526007495908
0.0424733265474696,-0.0152091810241106,-0.00081702999550968
0.0446986705216762,-0.0149335734451312,-0.001278066289318
0.0283736267701778,0.00341042941385058,-0.00707883078822895
1.40641516093669e-08,2.84468290753105e-10,-6.44157092311554e-11
-2.08623069237768e-07,-2.45409881553249e-07,4.55210181984979e-08
-3.4155167076256e-10,1.5059410635722e-09,-2.88070084316201e-10
7.64402055506361e-11,-2.68296324824243e-12,1.15561462978991e-12
7.3843076368909e-11,-2.59180677859347e-12,1.11635140723677e-12
7.45283203831535e-11,-2.61585845550227e-12,1.12671103655985e-12
7.19063882276022e-11,-2.52383148306711e-12,1.0870728826674e-12
-6.00023708009895e-09,8.35928531848641e-10,-2.27561104262076e-10
7.43172530242436e-11,-2.60845019840832e-12,1.12352013387247e-12
7.59048035926425e-11,-2.66417111870208e-12,1.14752041350739e-12
7.633161558192e-11,-2.67915175125851e-12,1.15397292764749e-12
7.3182691991271e-11,-2.56862835188241e-12,1.10636793357689e-12
7.53744297154858e-11,-2.64555588457059e-12,1.13950241240543e-12
2.47273313660987e-10,4.18053425181118e-10,-5.42020816421431e-11
7.6811313198397e-11,-2.69598896671785e-12,1.16122512301597e-12
7.4983108283405e-10,1.09255049511003e-10,-2.85054898685009e-11
1.38696732556518e-05,8.39875735587371e-06,-3.05532430547382e-06
7.66718111606237e-11,-2.69109221041409e-12,1.15911595886058e-12
7.12027655641242e-11,-2.49913541884359e-12,1.07643572877634e-12
-7.98697975792015e-09,9.93891248646773e-11,-3.58502865389341e-11
7.72986036482779e-11,-2.71309228250678e-12,1.16859191137469e-12
-1.94051015104627e-08,-1.96098908133237e-08,3.51661912503778e-09
7.74470739700262e-11,-2.71830341078406e-12,1.17083646988334e-12
-1.33742216230565e-09,5.90816808882273e-09,-1.11400469955095e-09
7.37939864856604e-11,-2.59008389640999e-12,1.11560933313858e-12
-1.08586473965644e-08,-1.81546682416624e-08,3.38657552351223e-09
7.82455767097125e-11,-2.74632967115958e-12,1.18290801779335e-12
0.0307057684876052,0.00193504274085852,0.00434616829102942
0.0271417886394732,0.000113139926278682,-2.12869440776186e-05
0.0282924744371407,0.00584147893039304,-0.00106163807187447
0.0274006468243187,0.0046269795439591,-0.000841846829676169
0.0255539073338308,0.00274456471645921,-0.000499981176930754
0.0301521666401726,0.00822512288338048,-0.00149339143075321
0.030149545184924,0.00822993292623996,-0.00149425516569526
0.0528882620940694,0.00122465309355526,-0.000165673618035625
0.0377098706221565,0.000727442237126573,-0.000110463310443083
0.0465195272699348,0.0010014023863114,-0.000140397286081464
0.0529862353727043,0.00122593361507647,-0.000165749735938897
0.0548697806323026,0.00125149325005746,-0.000167386163512815
0.0540635780355359,0.00124054339253788,-0.000166684195713329
0.0241833294601277,-0.000902378230943237,0.000321121007421347
0.0222728002430112,-0.00411419937540686,-0.00562467789396286
0.0231461397656115,-0.00598558187845531,-0.00817571781207242
0.0229259006087326,-0.00551460335609107,-0.00753364161772024
0.0269219988735357,-6.77740577109037e-05,-0.000118890058687291
0.026921859543864,-6.7555490995804e-05,-0.000118755768237456
0.026921936642654,-6.76740199740285e-05,-0.000118826692587541
0.0269210592025339,-6.62968309620654e-05,-0.000117980155179031
0.0269213828581805,-6.68097699910409e-05,-0.000118299048902031
0.0269218845144908,-6.75960597209873e-05,-0.00011878168565672
0.017620728456597,0.00150338401916356,-0.000152140633168358
0.0242992968564207,0.0021443149465463,-0.000216830181024687
0.0260624423648374,-0.00115089710915195,-0.000793308386352125
0.0290779430025622,0.00602636305426918,0.00819435365602411
0.0290821540299796,0.00603688409807723,0.00820869306301286
0.0259155482980529,-0.00012640758434648,-0.00023059810051338
0.0290775737839934,0.00602544893991695,0.0081931063042975
0.0260415237955059,-0.000207215614634719,-0.000305875724745217
0.029082050066843,0.00603663241852147,0.00820834852057094
0.00709583017781405,-0.000269808334564046,0.000101783978248379
4.04501530316674e-07,-4.61778921639826e-09,8.69651665821348e-09
7.56100987732175e-11,-2.6538274263785e-12,1.14306515044634e-12
1.02056043164874e-09,1.62186061364686e-09,1.91590922893347e-10
1.63049123279742e-08,-6.81624446485611e-09,-3.4696229060205e-09
7.6212677995333e-11,-2.67497736320681e-12,1.15217492428429e-12
1.22127146739205e-10,-1.45674857550799e-11,-2.21583204190225e-11
8.7922940126677e-08,-1.0314245882434e-09,1.88189107578417e-09
8.30922661420822e-08,-1.00151622856172e-09,1.77588824746722e-09
1.23732983471924e-08,2.49736855044407e-10,-7.57905846131374e-11
7.73516758270847e-11,-2.71495494222097e-12,1.16939420117842e-12
7.33583063698184e-08,1.45342189929192e-08,-1.58399107475733e-08
2.85393020270868e-09,-4.28934355254632e-09,-3.25707168914089e-10
-9.73777433739519e-10,3.58532962754386e-10,1.27003461763331e-10
-2.19771714115884e-10,-3.19458592817119e-11,2.13180338873641e-12
0.0266879195443025,-0.00380971605684774,0.00102908830166565
0.0191182181269648,0.000558884344633493,-7.03102214652153e-05
0.027031167525851,-0.00387250064233672,0.00144091816256866
0.0270302206436665,-0.0038729973704043,0.00144112621056449
0.0262912904949403,-0.000141627021856851,-0.000171706242499029
0.0266600497522087,0.000171401082646122,0.000251432550748321
0.0266600576249883,0.00017141685718017,0.000251457370394841
0.0266600530519676,0.000171407764763277,0.000251443006651211
0.0266600656231281,0.000171432748113532,0.000251482752085075
0.0266600940835995,0.00017148869680883,0.000251572795089519
0.0242179158008663,0.000116410132303809,-1.58883375575028e-05
0.0266600592952858,0.000171420326982733,0.000251462744450362
0.0266601125353789,0.000171526056412886,0.000251628578329936
0.0266601123389519,0.000171525264038619,0.000251628252710395
0.0269641224270642,-0.00080971658108458,0.000389690698654465
0.0266601134100603,0.000171527697904406,0.000251631142887189
0.0266601112993138,0.000171523341724318,0.00025162506452094
0.0265156209533207,0.00015169483697123,0.000339497885693479
0.0266601070341934,0.000171514022809816,0.00025161330427937
0.0230760716267017,-0.000230477665696237,2.06614186874693e-05
0.0247945993745205,-0.000935808758953548,0.000334042511648345
0.00949622752857559,0.000402188877133018,-3.39829722379617e-05
0.00689308565662758,0.000286042239407033,-2.38527797653423e-05
0.0282039876135246,0.000529514497648311,-9.05587747771507e-06
0.0120849288095745,0.000226843294424594,-3.8845948670234e-06
0.00985378035876319,0.000184905848209975,-3.16950144968615e-06
0.027019973832038,0.00111511899182342,0.00151011835205817
0.0271175315817481,0.00164528235748056,0.00213666710082079
0.0265488680043066,0.000356588433586193,0.000498025074514166
0.0237299446143633,-0.00732591286764568,-0.0100052501674057
0.0270420349271894,0.00143718296581522,0.00195116021492498
0.0270357136382172,0.00128378600040576,0.00174082119709857
0.0291450210929585,0.0061941690121583,0.00842301866552877
0.026208889734059,-0.000300863771373744,-0.000383329270268625
0.0291431088163319,0.00618939759617226,0.00841651938507529
0.0291244279075245,0.00614268423292523,0.0083528614642179
0.0262096019996531,-0.000300142998106408,-0.000382660924543754
0.0291410078600731,0.0061841643891537,0.0084093875812571
0.0291389392069401,0.00617900904638929,0.00840236013345896
0.0138143935456569,-7.67143111904666e-06,-3.3467499881323e-05
0.0262094426950651,-0.000300304774101735,-0.000382809668918851
0.0291348618930926,0.00616879028280746,0.00838843631451904
0.0291396734017107,0.00618081453758961,0.00840482236279298
0.0262096357037163,-0.000300108658015578,-0.000382627260457775
0.0291427793513638,0.00618855897435751,0.00841537487589069
0.0262096786389751,-0.000300066835410509,-0.00038258836581734
0.0262096930788117,-0.000300048775140533,-0.000382570023545222
0.0262092315418193,-0.00030052075169759,-0.000383011870093625
0.0278505014545951,0.0032762111634154,0.00442628279848879
0.026209309388597,-0.000300441337277179,-0.000382939316948998
0.0262092764750245,-0.000300476761793961,-0.000382971224837899
0.027085035306891,0.00161493623957266,0.00198255083644424
0.0275021681128381,0.00241248203977062,0.00326180454614377
0.0262089187150228,-0.000300836228039187,-0.000383306446788686
0.0262092180812616,-0.000300535386670857,-0.000383027822284113
0.0262095138532559,-0.000300241615548176,-0.000382754234447472
0.0262091611057131,-0.000300596220891862,-0.000383084340018376
0.0262092474164722,-0.00030051387094744,-0.000383009030047873
0.0267250502336865,0.00024126337444571,0.000324313616739837
0.0244959202992114,-0.000917424396556386,0.000326992629058832
0.0245800626584589,-0.000924297150567585,0.000329611152144239
0.023752072060797,-0.00727902358782359,-0.00993916652805335
0.0270523708531321,0.00112103096565529,0.00151164743177847
0.0274218387440475,-0.00103869138768818,0.000374822272628078
0.0284315436350588,0.00227080821899407,-0.000230080299350124
0.0255462612437684,0.00101159625191671,-0.000373915610422702
0.0283022626454156,0.0014354121153233,-0.000130323594880677
0.0206744065757036,0.000942346731863514,-8.32186419824314e-05
0.0155277585695365,0.000657414736726821,-5.55425045908889e-05
0.0252034364991655,-0.000953898253063778,0.000341069913027638
0.0357369051718522,-0.00710208476263208,-0.000578835519281706
0.0269348225824522,-0.00110816047289473,0.000893411834966498
0.0268452240620401,-0.000319831894302603,0.000764553613123066
0.0278178810888565,0.00325804305269244,0.00444210138163505
0.029127851318665,0.00615121764042099,0.00836449000466611
0.0262083266387119,-0.000301407590042245,-0.000383830703656858
0.026208333936887,-0.000301398957341131,-0.000383820956331396
0.0262083374752564,-0.000301397234066057,-0.000383819599318737
0.0262083593134343,-0.000301372451522027,-0.000383792875787904
0.0262084138439809,-0.000301317802170952,-0.000383738869605592
0.0268483117844312,0.00325713530388416,-0.00118891497338362
0.0260600930028775,-0.000143962738650351,-0.000168541499766777
0.0262085762592235,-0.000301161784557293,-0.000383597077527234
0.0170796628468263,8.31498711033847e-06,-2.34006920265053e-05
0.01692163912312,-1.27479617708928e-05,-5.12232845029581e-05
0.0122814779894406,0.000325836441266041,-3.45252941365659e-05
0.0291362846086231,0.00617233360345096,0.00839326591685491
0.0171197100965464,-0.000650957860590326,0.000245569429900063
0.0161990601750598,-0.000615921897946539,0.000232370906815099
0.0268336654699069,0.00107123043314939,-0.000343733427508597
0.0286745313551122,0.00384001342452137,-0.000417506266898913
0.0251911855130603,-0.00326470474992407,-0.00469476214834665
0.0261659597274798,-0.0124076187033099,0.00152121048578693
0.028259358366237,-0.00107108426631102,0.000387782831856651
0.0270294892619086,-0.00387337704297412,0.00144128758236077
0.0270301980084474,-0.00387300509979987,0.00144113190581669
0.0256304013671662,-0.00246662522230805,-0.0033568296340642
0.0259971695008391,-0.000391350105042484,-0.000509292846675518
0.025997160837241,-0.00039137014561435,-0.000509320455682119
0.0259971632728714,-0.000391364632272942,-0.00050931285747668
0.0259971649862761,-0.00039136060268614,-0.000509307305437352
0.0259971588259632,-0.000391374934349966,-0.000509327052361667
0.0259971567814186,-0.000391379704293579,-0.000509333639061295
0.025997164768207,-0.000391361111710187,-0.000509308006046904
0.025997158742909,-0.000391375156581916,-0.000509327355841338
0.0251736662895014,0.00038280301417209,-0.000145432819916124
0.0245813672234944,-0.000923546330335121,0.000329273334521412
0.028062588478974,0.00348959859590656,0.00473705727873116
0.0261805890625037,-0.00121204983122019,-0.00167067727918723
0.0272985979380585,0.00158098497151409,0.00213586400777918
0.00948323088233171,0.00377809909049608,-0.000343106890126262
0.0261153053778422,-1.1797779955959e-05,9.48906231053591e-07
0.0290389752058523,0.0059290337655463,0.0080616971114701
0.0285000137188836,0.00458238543390626,0.00622638396562058
0.0286688698187132,0.00500423520774281,0.00680131211753255
0.026244134826299,-1.9887097779198e-05,-1.77025888803585e-05
0.0259242076838379,2.01207736524812e-07,2.86157789646638e-05
0.0259242076422627,2.01108019405749e-07,2.86156772243984e-05
0.0259242076133535,2.01171353706593e-07,2.86157280558879e-05
0.0259242076999345,2.0117062351357e-07,2.86157592950473e-05
0.0288641203867975,0.00549208689615765,0.0074661945362126
0.0289996596329484,0.00583077442331207,0.00792778357095541
0.0290739033667823,0.00601631017610059,0.0081806450355997
0.0290976043145833,0.0060755572743723,0.00826138853396199
0.0286960548613363,0.00507218673157939,0.00689392263337899
0.0287425816101935,0.00518839635950199,0.00705230102612251
0.0264997237416155,-0.000999261632347237,0.000359312064382744
0.0256570058660087,-0.000969273630449751,0.000347249595813361
0.0246378777232059,-0.000921771988360247,0.000328688463201642
0.025054760512383,-0.000948158794999567,0.000338808898925247
0.0260947773166722,0.000300172305516461,-0.000107069210611869
-2.87212813195832e-10,-1.84313369201179e-11,-1.30831052592948e-11
7.60747907393529e-11,-2.67013762358371e-12,1.15009033358033e-12
9.60424444543237e-11,1.32201447147213e-12,6.22025672197316e-13
0.029278466075776,0.000136090813744644,0.000156223650469262
0.0116303109348297,-0.00347566809091076,-0.00015999271434065
0.0260641034416616,0.00210485130525175,-0.000191572290159047
0.0264750143678981,-0.000171660522880399,5.20960056430427e-06
0.0261698365231245,-0.000127132881633845,2.95273383477985e-05
0.0261698353875312,-0.000127119657316326,2.9525917567307e-05
0.0261689046201812,-0.000131350261770852,3.02208675506291e-05
0.0261697689037071,-0.000127599663035048,2.96015813720899e-05
0.02616975576902,-0.000127667411366839,2.96127025219715e-05
0.0261696675203689,-0.000128077589587041,2.96803151488033e-05
0.0152242211823342,0.00597658262492883,-0.00222441125176348
0.0256712021511632,0.00475063114631223,0.00330323526789352
0.0261850675810933,-0.000199357407228386,-0.000136666899768028
0.0261687588081133,-0.000131951561715422,3.03191847957383e-05
0.0261694050712022,-0.000129234272582913,2.98708287663856e-05
0.0261686951400331,-0.000132215705409613,3.03628086754984e-05
0.0261691761124707,-0.000130210003949102,3.00318548062701e-05
0.0261761947487722,-0.000161444475208602,-4.43934929255527e-05
0.0261807831031469,-0.00018030022402089,-9.16072910569266e-05
0.026169253332183,-0.00012986343148886,2.99749066239181e-05
0.0262009156116574,-0.000267090123932667,-0.000302503070145052
0.0261908475720438,-0.000221536155025561,-0.000194367479600327
0.0261698300399512,-0.000127265692468288,2.95459576978916e-05
0.0261698276861993,-0.000127269100297352,2.95462363710445e-05
0.0225744976280844,-0.000673033429474588,0.000208307048191274
0.0250539971027385,0.0099984951318776,-0.000908917942000676
0.0269134799567808,0.00160021161948858,-0.000691155873413706
0.0183433702557006,0.00730706551700201,-0.000663545007507908
0.0250541278565894,0.0100057881126477,-0.000909935778955537
0.025053069016886,0.0099716365629815,-0.000905092705527332
0.02505318382011,0.00997562994823267,-0.00090565732463695
0.0250528755784365,0.00996524449234026,-0.000904187225554919
0.0250531073347009,0.00997302215518231,-0.000905288379271142
0.025053108897585,0.00997346109635899,-0.000905348503991381
0.0250534914357074,0.0099845169146702,-0.000906923198627717
0.0250532954565271,0.00997895430390743,-0.000906130266729819
0.0250532838259192,0.00997921660332557,-0.000906163991109536
0.0250532634885748,0.00997825030891686,-0.000906028650968364
0.0251809404315609,0.00793113946025704,-0.000726468489131684
0.0250540021322622,0.00999970781210594,-0.000909084114027195
0.0250541179213352,0.0100033290504489,-0.00090959808470907
0.0221802033311236,-0.0199384069250551,0.00296392757077224
0.0256000868609669,0.00463226113896721,-0.0004218977782179
0.0250538288076034,0.00999710231441103,-0.000908698928636761
0.0269326385150671,0.0016533148373463,-0.00054648154095957
0.0259053755573678,0.00109719227764812,-0.000857461250233372
0.0266493619463205,0.00113139565363193,-0.00159739441954051
0.0266557842173758,0.00115076151270704,-0.00159220745922744
0.0268604973099877,0.00175727454969013,-0.00147128111456667
0.026654786255619,0.00114696326448217,-0.00159540660014521
0.0231638864772392,-0.0139181531626621,0.0016114493510121
0.0266583131375712,0.00115750784573422,-0.00159311074635804
0.0266706652055795,0.00119432522463723,-0.00158521569936439
0.0309171825392747,-0.017972745689957,0.00177579027465389
0.0260634895541892,-1.76283149104256e-05,3.65034796660602e-06
0.025694551416476,0.00364234749793267,-0.000329787379541633
0.0264597934946042,-0.00394941583815815,0.000361866664683328
0.0264597949655308,-0.00394962484370641,0.000361895348787724
0.0264598099891414,-0.0039494379635225,0.000361866551331385
0.0264598106256222,-0.00394942921532106,0.000361865219423784
0.0264598260711615,-0.00394919015224008,0.000361829225187974
0.0292784370652541,0.000136108587831051,0.00015623101559036
0.0264657126880575,-0.00384548503476174,0.000346447642764325
0.0264599467030402,-0.00394749929351433,0.000361573193190903
0.0264599705941895,-0.00394714400640152,0.000361519622149586
0.0264599766873386,-0.00394709814444366,0.000361512104191985
0.0264670444151136,-0.00382211125329562,0.000342979870506846
0.0264688229750121,-0.00379052310404705,0.000338297893572202
0.0259393848108969,-0.0174327842703716,0.00267321588751067
0.0268006798391963,0.00140777558802609,-0.00109426087045611
0.0266679867281279,0.00118739132926442,-0.00158543591573748
0.0266440433684789,0.00111628986549142,-0.00159922458072806
0.0292784260842254,0.000136106788826457,0.000156223529553979
0.0253760696011988,0.00668812986101118,-0.000613904138771683
0.0264755335714324,-0.00367290340216026,0.000320848730560869
0.0264743644461239,-0.00369233118401634,0.000323741631191876
0.0264721073769345,-0.0037325549889085,0.000329701712935237
0.0264760360137486,-0.00366402656858247,0.000319532827442139
0.0264754005730451,-0.00367473508391204,0.000321125323769071
0.0252872595729544,0.00784977543053609,-0.000719155324100448
0.0253572108496409,0.00728683464968346,-0.000672646140617876
0.0261570528847067,0.0037648505497396,-0.000363698675673219
0.0253569942619894,0.0072819091606681,-0.000671937813739787
0.0254535640992845,0.00624714860631069,-0.000574881676855008
0.0292784625510329,0.000136108596692738,0.000156241278330227
0.0253558471303708,0.00725628513448666,-0.000668250213265007
0.0292784644954041,0.000136109142358322,0.000156242663317623
0.0253568571207356,0.00727862374439285,-0.000671466429817368
0.0253564248866297,0.00726911359983202,-0.000670095886596436
0.0270373895403983,0.00132250877369979,-0.000366438132689562
0.0270923602531429,0.0011958647953594,-0.000222133733891424
0.0455025444812291,-0.0148310287166889,-0.00144503797602538
0.0253150889565679,0.00763137642657766,-0.000701364838609231
0.032509853785555,-0.0114804083631197,-0.000345002936870462
0.0253567470617258,0.00727670274607936,-0.000671186497760955
0.0243533557798701,0.0125832388697941,-0.00115826793776749
0.0251795008383782,0.00625602174749024,-0.000582636921867656
0.0264743771293388,-0.00369235221026462,0.000323741851343919
0.026473373128715,-0.00370972559273466,0.000326321674679746
0.0284840281305468,-0.00958502408040068,0.000582583006159361
0.0257948219586,0.00152698827846521,-0.000151726482792514
0.0267624528479288,-0.00928978446737004,0.00101498892586487
0.025983086408426,8.01944821806486e-05,-1.98964691190925e-05
0.0246714008397894,-0.0152669143745988,0.002390030732876
0.0292784376518811,0.000136107380837181,0.000156229579864339
0.0258734023540384,0.00181166192306833,-0.000174157820938058
0.02713256754045,0.00195026028747746,4.05539497748959e-05
0.0268584794575679,0.00175370096377954,-0.00146634382445459
0.0268584084659791,0.00175318784674427,-0.00146716888901231
0.0268602400271939,0.0017569649480338,-0.00147027530185896
0.0268609487432529,0.00175818178259374,-0.00147210793234198
0.0268609134014459,0.00175816163920644,-0.00147191193279948
0.0233453893542795,0.00382045461443571,-0.000128459052607241
0.0233428677730626,0.00382040135355991,-0.000127977922388244
0.0233293576352883,0.00382003767088438,-0.000125386172155515
0.0292784674338406,0.000136095423153786,0.000156229061458123
0.0230655921128359,0.00331336706758309,-4.73737635445786e-05
0.0280214480466719,0.00745534597816131,-0.00276377444225188
0.0230643732232748,0.00331330327985571,-4.71370460834469e-05
0.0230650964642567,0.00331334065595899,-4.72782374680151e-05
0.0230643982728336,0.00331330629960204,-4.7141357617805e-05
0.0230648942705576,0.00331333951596949,-4.72341632730235e-05
0.0230645154363822,0.00331330984168783,-4.71652251445723e-05
0.0311126029233101,0.00141601728468149,-0.0053676284228563
0.0289888924603555,0.00215090690945094,-0.00454470038876872
0.0384852402823047,-0.0156655024838903,2.79260311048146e-06
0.0377909514913902,-0.0157279100594313,0.000142588211171119
0.0253565590640056,0.0072723158681422,-0.000670556364469152
0.017259639976772,-0.000672689574377909,0.000252797453144928
0.0172744961419368,-0.000676710698255546,0.000254110286308871
0.0173185187134319,-0.00067281098120885,0.000252847252024757
0.0173110559298711,-0.000673538029304838,0.000253088019054865
0.0173107487912857,-0.000673550757925615,0.000253090978048808
0.0266520209652284,-0.000307348701704592,1.88466050009627e-05
0.0234127187994014,-0.0146000991062534,0.00278674441949179
0.0257513920120019,0.00483633386036348,-0.000444714259091843
0.0266487858037436,-0.000310533201352201,1.99991254930638e-05
0.0266343641010722,-0.000325339509885124,2.52032199348004e-05
0.0266370640813334,-0.000322590062272457,2.42353858955076e-05
0.0266336490877332,-0.000326101214601354,2.546756339367e-05
0.0266332288627866,-0.000326517018615037,2.56111785453868e-05
0.0264840573050887,-0.000336409485501018,0.000130760222964967
0.0266337486819387,-0.000325988918296884,2.54242557727923e-05
0.0266335507631966,-0.000326169453290865,2.55025333890632e-05
0.0264840033002769,-0.00033646595089889,0.000130798609391024
0.019318716036216,-0.000327340332153652,-0.000485278521623206
0.0173122049871277,-0.000232230849521864,-0.000348783530555732
0.0264840247429813,-0.000336442965961542,0.000130783253580848
0.0269188843067544,0.00169058462981609,-0.00048738217750395
0.0266712467475676,-0.000287864534147932,1.19351742302885e-05
0.0263644564140101,0.00114170839693595,-0.000559267110108172
0.0292784169899447,0.000136106987939202,0.000156220389169063
0.0255687252527974,0.00327100046391617,-0.000310898422630336
0.0266496712399938,0.00113322907797981,-0.00159382266857923
0.0266399654444546,0.00110418836973823,-0.00160131638363501
0.0211669603876906,-0.0245516199177911,0.0040244788146362
0.0213276808011004,-0.0243538937565325,0.00401632642910599
0.0233392621037872,-0.0207866048769316,0.00362789664511505
0.0233312137423189,-0.0210902345028733,0.00366987597925085
0.0285662324626115,-0.0121845306123067,0.000742268813642353
0.023336265900637,-0.0208704290190743,0.00363970943933661
0.0261601764892189,-0.00490196339163374,0.000429089038188471
0.0267654947701875,0.00145089416184817,-0.000803773507381579
0.0240578330320606,-0.0100108615990208,0.000774853803217957
0.0247190432922161,-0.0071612810927372,0.000168489704464335
0.0212599380311111,-0.0231511520786198,0.00365399873317691
0.0216176777569915,-0.0206620776515794,0.00305484073103347
0.026696986719761,0.00127311829763031,-0.00156741397212704
0.0267707902298575,0.00149244260201842,-0.00152225329777851
0.023137948514001,-0.0140053418077369,0.00162805482485376
0.0221981466624147,-0.0181252144048672,0.00251125794918679
0.0213832013253082,-0.0217924222384852,0.00330458336901245
0.0213923207659548,-0.0217210038511281,0.0032870480049404
0.0233437829087841,0.00382033765645598,-0.00012813751465855
0.0284453801761647,-0.010666542650216,0.00103210484458741
0.0301421869310767,-0.00652892673113611,0.000174879352878933
0.0232058967785892,0.00357290774063899,-8.8325173104997e-05
0.0233403814148957,0.00382034017902775,-0.000127502301368092
0.0233456435073255,0.0038203474192939,-0.000128487111429838
0.0337334230265868,-0.0156312480596622,0.000889855820312971
0.0345719160991139,-0.0160451064606129,0.00079557101762401
0.0291549950412115,0.0114192913669094,-0.00425072772455018
0.025431494409388,0.00579525423394248,-0.00968243519543288
0.0250151384718325,0.00702139932681442,-0.0122657747614352
0.0244982805194492,0.00854172597435874,-0.0154689763722293
0.0242280500951568,0.0093365888332807,-0.0171437001299293
0.0242688959109568,0.00921649820939898,-0.0168906782133027
0.0277897325150081,0.00240858067924098,0.00359862739268624
0.0248163885072392,-0.0138224983004488,0.00184499791317256
0.0236863064212014,-0.0165274425423246,0.00234572180615303
0.0216779420947931,-0.019777979721571,0.00319280109708348
0.0158057226718395,-0.0141436654368459,0.00246660779240437
0.0260508175836537,0.00086610768721839,-0.000489357842975386
0.0117626118005209,0.00657465135055094,-0.000596189728027827
0.0119048871424341,0.00287994659749775,-0.000244810800241829
0.0255296079909035,0.00174016421019049,0.00453885393012426
0.0280880817332392,0.00201055562345035,0.00211402667342338
0.0375314244640276,-0.000468317865685823,6.75057552627653e-05
0.0226381002091704,-0.00129727372082487,0.000233166816312197
0.00795744872434277,-2.28713968839895e-05,2.8595327896563e-07
0.00569224820684575,-1.62781990122111e-05,1.93824479552491e-07
-1.96111372989908e-07,-4.98730114809423e-07,9.09095004466087e-08
0.013171950892579,-8.87492713189124e-05,1.32834302082326e-05
0.0156529223423393,-4.55632245137091e-05,6.41305272778029e-07
0.0325773709373197,-1.94227327153889e-05,-0.00273657590779199
0.0272598044208782,0.000107051749555627,-2.11486074268109e-05
0.0272598466283772,0.000107149545257448,-2.11678317282945e-05
0.0205931394972515,-0.00836441115935147,0.00128730983023956
0.00483673781261182,0.00014194536026309,-2.42759591541285e-05
0.0222806605910497,0.00153572516381232,0.000797594623904904
0.017526300380283,-0.000117274807867511,1.75187875682254e-05
0.0179920748724711,-0.000120504723540569,1.80065127728041e-05
0.0191991742842152,-0.000128939703120798,1.92834882740809e-05
0.0172737631350218,-0.000115618220349414,1.7273332841402e-05
0.0154450787190528,-0.000103673011286078,1.55025850845665e-05
0.0232017260886999,-9.46981378855464e-05,1.20244095407729e-05
-6.94418325941136e-08,-6.76478218953936e-08,1.27628629734131e-08
0.0182518868830075,-0.000122364800045734,1.82903017165801e-05
0.0221447443345356,-0.000148883460053335,2.22726003655788e-05
0.0277764522864538,-2.0885074990879e-05,-3.90635979143238e-06
0.0206192489749588,9.05001550783518e-05,-1.76750985681577e-05
0.0125389363112226,5.907550480828e-05,-1.14640561894973e-05
0.0149044317289462,-1.12065098733617e-05,-2.09607953582084e-06
0.0277764535708855,-2.08824389100031e-05,-3.90685232472179e-06
0.027776453412353,-2.08827800675047e-05,-3.90678423618049e-06
0.0277764524553493,-2.08850351622417e-05,-3.90634073689784e-06
0.0277764521867649,-2.08849512430567e-05,-3.90636209088654e-06
0.0277764521542962,-2.08849823299112e-05,-3.9063584808897e-06
0.0048720502437773,0.00193244733398868,-0.000718783878984942
0.0277764523737008,-2.08849772711973e-05,-3.90634804259966e-06
0.0277764529504284,-2.08836154085304e-05,-3.9066231303048e-06
0.00214685892808256,0.000850519007719587,-0.000316317218585422
0.0277764528693533,-2.08838497798384e-05,-3.90655985210574e-06
0.0115135414360111,0.000258949665939217,-4.27219098833403e-05
0.0272600006028212,0.000107528819907466,-2.12498006953174e-05
0.0272599626364093,0.000107432007638738,-2.12278003932759e-05
0.00680889583233233,0.000149493019464462,-2.45818340342267e-05
0.00441025175346099,9.54721958765661e-05,-1.56674242553395e-05
0.0045274710412853,9.79789035981386e-05,-1.60781194093515e-05
7.70008954055811e-11,-2.70264250269502e-12,1.16409093099165e-12
1.02392910800311e-08,-5.05493734888075e-08,9.39104668044174e-09
8.12224207017e-09,-4.96106947627139e-08,9.29552567387768e-09
2.01724620899908e-09,-4.34877504077789e-08,8.12539091735787e-09
-6.09996040650073e-08,-1.25559972262781e-09,2.87145372488635e-10
2.23708658010671e-09,-9.00852220331847e-09,1.61365502542136e-09
-1.315958958115e-09,5.02448538164988e-09,-9.62623464143945e-10
7.73988677650149e-11,-2.71661137934822e-12,1.17010766926699e-12
7.81820590166524e-11,-2.7441001812386e-12,1.18194772219223e-12
7.1286595939364e-11,-2.5020776937722e-12,1.07770302441851e-12
7.36500100439706e-11,-2.58503070158169e-12,1.11343281342917e-12
7.49543615054351e-11,-2.63081186837029e-12,1.13315182491246e-12
7.64710813697834e-11,-2.68404694127573e-12,1.1560814036592e-12
7.80520099592361e-11,-2.73953569022977e-12,1.17998168780018e-12
7.60963017676677e-11,-2.67089252471436e-12,1.15041548179559e-12
7.30946473045835e-11,-2.56553798975589e-12,1.10503684349304e-12
7.79177065948122e-11,-2.73482199362255e-12,1.17795139988633e-12
1.01547668146471e-09,2.10059542727132e-09,-2.83282132498041e-10
7.44049270380047e-11,-2.61152718907347e-12,1.12484545014315e-12
1.46577312621974e-09,2.26314953615319e-10,-5.94673961742119e-11
0.0139220635283804,1.60455281803576e-05,-5.12770179240671e-06
0.0272903212983427,0.0031150881403128,0.0103661639650238
0.0146474176633739,0.000337223111906074,-5.58679428944493e-05
0.0292766804659827,0.000138075034460706,0.000157854273833958
0.0182997613604967,0.000432958148591491,-7.20283561995331e-05
0.014147490949356,0.0004151535651178,-7.10003194037968e-05
0.022176970921571,0.000576443600146604,-9.7467496331418e-05
0.0216749591831265,0.000577258667450986,-9.63404881264292e-05
0.0227419114519679,0.000645867504112761,-0.000110364526898628
0.0205691033699397,-0.00467556339421086,0.000720778647698174
0.0205349203169576,-0.00793776568299998,0.00122572498566564
0.0205344908562661,-0.0080354776516263,0.00124080994645515
0.0205877328376539,-0.0102865259982804,0.00158378541952142
0.0358256705068075,-0.00117968552291965,-0.0045158996224931
0.0205455732235433,-0.00638651916084763,0.000986006642319979
0.0358313520056235,-0.00119032008615562,-0.00457555602482615
0.0215431588486469,4.04336686206924e-06,-6.47396133395855e-06
0.0275171356539916,-4.52800052059132e-05,-1.06204418349653e-07
0.0275171425840999,-4.52888097110617e-05,-1.04493606636798e-07
0.0275171403013652,-4.52861301245638e-05,-1.0501854484513e-07
0.029066971715299,0.0113605918818446,-0.00422879396171385
0.0275171409768094,-4.52867354718521e-05,-1.04903404636733e-07
0.0275171400377614,-4.52851949751907e-05,-1.05213469486983e-07
0.0288879609631583,0.011272117252674,-0.0041957930415355
0.0275171445009306,-4.52900716401713e-05,-1.04279515828384e-07
0.0275171439161078,-4.52893748515976e-05,-1.04399041549816e-07
0.0290454494480597,0.0112493857157237,-0.00418706405588628
0.0275171439446232,-4.52881715944092e-05,-1.0463442778237e-07
0.0285379365858451,0.0094349375869248,-0.00350641638926891
0.035847853984157,-0.00119856980613798,-0.00462282531852516
0.0272599075668191,0.000107299590751076,-2.12000912698285e-05
7.53877251308723e-11,-2.64602252294358e-12,1.13970340243004e-12
0.0266618652917185,0.000148209340791278,-1.78709086697124e-05
0.0266667256976944,0.000147482970968352,-1.80185270204531e-05
0.0150667957849905,5.75111092111835e-05,-1.33766805913264e-05
0.0272600023739515,0.000107532871564194,-2.12504863612766e-05
0.0358416846166269,-0.00119645233261647,-0.00461067849572886
0.0137009929299731,-0.00104307158466237,-0.000299090501582011
0.0297059027892174,-0.000200173270837118,2.9961153185033e-05
0.0224976005091732,0.000753516344303713,-0.000131536461345131
0.0297041427172255,-0.000200379706611974,2.99998874523412e-05
0.0297044036476769,-0.000200266761327024,2.99792338405081e-05
0.0297058716336493,-0.000200142529365304,2.99556185094813e-05
0.0297060695591189,-0.000199951295711921,2.99208483578333e-05
0.0297066315656587,-0.000199820580742285,2.98967804770998e-05
-1.40207830551969e-08,-1.02533374759648e-08,1.85385028419651e-09
0.0297061352973741,-0.000199875560136392,2.99071038092801e-05
0.0283451682037862,0.00279917467694187,0.00654955336380171
0.0294596481074128,0.00341571471325799,0.00988347470049145
0.028740670119674,-0.000588945970174232,-0.00124650780528968
0.028740673900144,-0.000588942490929223,-0.00124651969141523
0.0178565749119815,-0.000365843839390621,-0.000774725752981381
0.0179427548046746,0.000247831610305731,-4.52804760781084e-05
-2.62617010062311e-10,2.76364694053714e-10,2.44644015730136e-10
7.61958142030577e-11,-2.67438554331457e-12,1.15192001562934e-12
-3.19115990783008e-10,-7.14696255441581e-11,-2.52571026237027e-11
7.48785858368448e-11,-2.62815236240461e-12,1.13200631389648e-12
1.16008338473802e-05,-1.65873591732131e-06,3.34652662462648e-07
7.18711262456374e-11,-2.52259382258302e-12,1.08653978886113e-12
-2.38896051617451e-08,4.71266954501577e-10,-6.85473529409109e-11
8.06144877428326e-09,-2.0244077588014e-09,-4.51459633999049e-08
8.57443899464738e-07,-2.20505675522407e-08,3.3444692464124e-09
0.0260033983881013,-0.000245862283260492,8.75880466395659e-05
0.0238321183736036,-0.00357727936114877,0.000621016571080385
0.021811973807502,-0.00624070578461163,0.00108667953823993
0.0214356634226723,-0.00673742863905619,0.00117358969117214
0.0206873830753931,-0.00772304181726105,0.00134580384692535
0.0183419637098004,0.00105717999978424,-0.000186367270306538
0.0183465319554527,0.001056848896267,-0.000186310719575746
0.0183544790692932,0.00105627284112298,-0.000186212347426873
0.0183469213523151,0.00105682063841207,-0.000186305904914665
0.0183493354951459,0.00105664565880991,-0.000186276012840116
0.0183444503430941,0.00105699976917725,-0.000186336486608865
0.0183598805991556,0.00105588134730269,-0.000186145485272608
0.0206682712685812,-0.000358579285366376,5.54273306834528e-05
0.0243950657089878,-0.000224217611126851,2.88964687003107e-05
0.0268359875758807,0.00037514059621242,-6.90296127630697e-05
0.0245613831637995,-0.000372211031261106,-0.000511751329798008
0.0323699962336481,-0.00177209803464423,0.00030139423206028
0.0261501938733042,-0.000854775133214504,0.000140883637178624
0.0395529318909687,0.000724663240254755,-0.000151293464557275
0.0406377012280515,0.000315330858687162,-7.85708396470497e-05
0.0397248349246836,0.000665478174317988,-0.000140790264011558
0.0264223167263733,0.000381772202157832,-7.32390089259105e-05
0.0268349951771763,0.000411329707202778,-7.94041873683733e-05
0.0268349776722179,0.000410924995955538,-7.92914091679169e-05
0.0268349353101125,0.000409697549656338,-7.89491208421674e-05
0.026834898116074,0.000407966903509928,-7.8464391167547e-05
0.0268349169418782,0.000409217802526576,-7.88142139686521e-05
0.0268347912091049,0.000402406918470536,-7.68911130766137e-05
0.0268347588763787,0.000399952321336447,-7.61962223675635e-05
0.0268347248848283,0.000395843476208779,-7.50328587214119e-05
0.026834847555924,0.000390117848418112,-7.33944839967897e-05
0.0268352476258811,0.000382929001716542,-7.1314276849813e-05
0.0268355861215575,0.000379002773798771,-7.01642139496203e-05
0.0268364044089396,0.00037082727869122,-6.77620854984026e-05
0.0268364145947462,0.00037079926881638,-6.77543932059062e-05
0.0268356523494053,0.00037793148990693,-6.98624376928641e-05
0.0268364277796128,0.000370823842013884,-6.77598445583742e-05
0.0268361201595637,0.000373879636122173,-6.86558303590935e-05
0.0268365022718304,0.000370681953698472,-6.77241639708101e-05
0.0268364746431848,0.000370646868136393,-6.7715742523692e-05
0.00886526100234337,-0.00792994250395898,0.00138306508641387
0.00316410969501958,0.000176015859811872,-3.10459643122759e-05
0.00324459428026237,0.000180397837932057,-3.18188869183033e-05
0.0268340760207095,0.000389856843033006,-7.36885562035004e-05
0.0268340753179405,0.000386517404686586,-7.27314242803413e-05
0.0268344597531541,0.000382715646770288,-7.1515743824907e-05
0.0184631266555626,-0.00337818331171627,0.000585977606213968
0.0235027873483227,-0.000463520155175082,-0.000944348646817729
0.0239795407271428,-0.000441980848080399,-0.000831938214881753
0.028740655586075,-0.000588802672715208,-0.00124613945814555
0.0232532309686109,-0.000465795727822455,-0.000964716282702667
0.0266891025117222,0.000383464593316063,-7.22685248738708e-05
0.0420971041865568,-0.000473568840838685,6.201102668026e-05
0.0429420648866918,-0.000881249157268067,0.00013459954174425
0.0155835037359506,-0.00105847219346756,-0.000668429141388736
0.0263438126926636,-1.4518427522802e-05,-4.46596817534984e-06
0.0263438114971847,-1.45193168183544e-05,-4.46580578604809e-06
0.0263440523778048,-1.43756361594078e-05,-4.49504994254034e-06
0.0263440437049225,-1.43806274373819e-05,-4.49402565338113e-06
0.0263440240112625,-1.43919439654361e-05,-4.49170009457303e-06
0.0144939835689319,5.65169960830437e-05,6.12198733515569e-05
0.026343979690018,-1.44173632460232e-05,-4.48647416226433e-06
0.026100123344601,-1.86878388689766e-05,-3.80295624444699e-06
0.0263439210680709,-1.4451258946498e-05,-4.47953788767524e-06
0.026343814180953,-1.45158100479997e-05,-4.46649412394229e-06
0.0263438230734696,-1.45088892061276e-05,-4.46782278576556e-06
0.0263438191834288,-1.45118467835553e-05,-4.46725530201177e-06
0.0263438388821041,-1.44985838297797e-05,-4.46984675519469e-06
0.0154546426624168,-0.00105777432432645,-0.000644133438499656
0.0262388255069155,-1.63150788729802e-05,-4.18026473695214e-06
0.0321990751081439,0.00113993937039037,0.00227997969670776
0.0267539934055572,0.000134267428697007,-2.06081511178054e-05
0.0248921762556018,-0.00284890811182635,0.00043712620350989
0.013915564900766,0.000411927433616359,-0.000113683657891124
0.023113424657761,0.00477280665760017,-0.000883429839836555
0.0258398153919818,0.00163117355415657,-0.0003014379691036
0.0155460688717582,-0.00105716477080438,-0.000658319606625264
0.0143011086908716,-0.0010486453612381,-0.000418627293932813
0.0227942468509365,-0.00308858335008132,0.00055154161017339
0.0228418281469549,-0.00166093577935778,0.000298396914027233
0.0105788838805085,-0.0014376036145696,0.000256730100535273
0.0230232671188846,0.000851864870331945,-0.000145872127586198
0.0227934048519353,-0.00308944334106636,0.000551697741007612
0.0227864666467737,-0.00309638858702998,0.000552958862513548
0.0227847668544478,-0.00309808441749804,0.000553266787072026
0.022785104135691,-0.00309773631718991,0.000553203717608419
0.0227864803808781,-0.00309637033525387,0.000552955547668448
0.0227857310501018,-0.00309711926963029,0.000553091551355143
0.0227848003721709,-0.00309804917795103,0.00055326041038401
0.0260033119708841,-0.000246030026760394,8.76837720120554e-05
0.0260032940855084,-0.00024606478207993,8.77036074768329e-05
0.0260032829551499,-0.000246086363471533,8.77159250260414e-05
0.0260033106721287,-0.000246032547163348,8.7685208379734e-05
0.0358495341449068,-0.00119860626897017,-0.00462252644017348
0.0230239463897499,0.000848118556370335,-0.000145172611838226
0.0224273067969906,0.0007055718563453,-0.000119269142522766
0.0225555301263824,0.000730736744943221,-0.000123818158792129
0.029275859885176,0.000138983212195885,0.00015860211193232
0.023026296833493,0.000846976005023829,-0.000144955476701064
0.0230236675855017,0.000840970582510542,-0.000143839317354115
0.0230236229468513,0.000841510819065204,-0.000143940660405202
0.0292763227587825,0.000138473482748789,0.000158182924746801
0.0230201735648394,0.000848322613552868,-0.00014521960203943
0.0230248232047167,0.000851719652103565,-0.000145842476599928
0.0230237165515168,0.000841155271265094,-0.000143873037853966
0.0230237861255004,0.000840997292471898,-0.000143843173944943
0.0230214159430704,0.000850836513297819,-0.000145683525050314
0.0230237765005789,0.000845244235223283,-0.000144637488416923
0.0230235930631646,0.00085080718231901,-0.000145673618000989
0.0230246277554506,0.000852897281587366,-0.000146061803170979
0.0308714024233599,0.00366087128944752,0.0119180865960083
0.0116777494213108,-0.000272204741394181,4.93289771028366e-05
0.0227478601466505,-0.000530244587699051,9.60909369971451e-05
0.02641473017246,0.00371240556342628,-0.000675521212506694
0.0446145005021179,-0.000401428405703272,3.65650960689995e-05
0.0262618518587738,-0.000182317362453706,2.5765023791633e-05
0.0229012138595642,-0.000327799187910544,5.70401224456436e-05
-1.04778847085154e-05,1.47707511773812e-05,-2.60875691878114e-06
-1.03874614185594e-05,1.4642827371694e-05,-2.58622196085451e-06
-1.00587869014984e-05,1.41872380666169e-05,-2.505954711379e-06
0.0205246589671919,-0.00830164564186045,0.00128248747145515
0.0228866587604893,-0.00032855216264652,6.21443535342213e-05
0.0248641554545369,0.00191810029529458,-0.000350213835312242
0.0302029864628292,0.00825291647114754,-0.0014984599133386
0.0301732684276214,0.0082300597334761,-0.00149430591689292
0.0218902752076061,-0.00148781624783092,0.000267375935195855
0.0315742395201118,0.00233167917914287,0.00683878307123111
0.0121085789623426,-0.00103228845858215,7.31664253600626e-06
0.0147258329312275,-1.10936723198998e-05,-2.06697765259504e-06
0.0275713909428508,-4.33861562687352e-05,-2.4994927053655e-06
0.0275581628548662,-6.58878270058543e-06,-6.26918125036873e-06
0.026281952019462,0.000300185678704954,-5.51299430539415e-05
0.0242652016685582,0.000533542986862873,-9.35046232559648e-05
0.0234062112537798,0.000643587006248468,-0.000111320645894614
0.0264766746661439,0.000277615071851211,-5.14174030027826e-05
0.0284239861719711,5.2336073317868e-05,-1.4371419611403e-05
0.0199124100154667,0.000249302432235272,-4.48561896662248e-05
0.028424089818627,5.23566240770509e-05,-1.43753202981637e-05
0.0284240938043949,5.23555974996106e-05,-1.43750982879954e-05
0.0284240685282472,5.23510560629729e-05,-1.43742640146434e-05
0.0291848279329542,0.000262354630071998,-5.19787481162275e-05
0.0178561680222901,-0.00611910699788112,0.001107146062268
0.0180102487834225,-0.00594466945641654,0.00107551158240594
0.0179127814931188,-0.00605719709481027,0.00109591469134034
0.0258360570379835,0.00353461721071894,-0.000638529524905507
0.01807372779056,-0.00588199765651022,0.00106414060867806
0.018088351656,-0.00586613240852673,0.00106126296420062
0.0178544440889832,-0.00612023672963693,0.00110735186206476
0.0178514456745509,-0.00612461842831515,0.00110814523877357
0.0180713980455924,-0.00588434891832104,0.00106456729347241
0.018045262272524,-0.00591267889939775,0.00106970581945967
0.0178586655955944,-0.00611607658984125,0.00110659680048026
0.0178497982591144,-0.00612651930095637,0.00110848985471085
0.0178575982666643,-0.00611700123051062,0.00110676480380057
0.0179742896619042,-0.00599001937235239,0.00108373337447167
0.0128272040054401,0.00503007234073574,-0.00187196289482217
0.0178491580453367,-0.00612700015561471,0.00110857734353374
0.0178507562816878,-0.00612487490704642,0.00110819235433307
0.0178540009026226,-0.00612110601608627,0.00110750904220126
0.0178508668798675,-0.00612518159811396,0.0011082474356811
0.0178541285253365,-0.00612102107305799,0.00110749362717585
0.0151884604855578,-0.00105394884014892,-0.000587344782350897
0.0179632202367044,-0.00600212725752566,0.00108592936831988
0.00978224938733938,-0.0033539371254633,0.000606837613767926
0.0269484916153925,0.000122261586996773,-2.1337895096907e-05
0.0156988137433607,-0.0010579028821626,-0.000686859218930572
0.0275896976858442,0.0050978659028671,-0.000926643277590426
0.0219095296090296,-0.00146469796219731,0.000263185270078355
0.0193352142847998,-0.00442164322551681,0.000799353774394687
0.0203384730875469,-0.00326558845798424,0.000589736076740563
0.0193785515667229,-0.00436787349563381,0.000789607805259561
0.0235926056546417,0.000508101872243244,-9.44244828937511e-05
0.0258492031172045,0.00314600295266555,-0.000572643242348986
0.0210462287053191,0.00821924447837281,-0.00305922257595603
0.022920212834675,0.000817166398853972,-0.00013951138913125
0.0226243077139813,0.000747774941430606,-0.000126910112041414
0.022771884424779,0.000782262372492678,-0.000133167388965244
0.0227920941633931,0.00078706398381925,-0.000134039854331301
0.03584786105454,-0.00119789900413403,-0.00461845943475721
0.0360340541932674,-0.0012263472966031,-0.00451460002918993
0.0360319016251543,-0.00122822843692438,-0.00452161171348889
0.0360324338273993,-0.0012282844959452,-0.00452167470601202
0.0360328115921047,-0.00122742640467106,-0.00451850213350421
0.0360285284404907,-0.00123149244752089,-0.00453310624522303
0.0360289214020038,-0.00123132209400792,-0.00453277373334905
0.0209282264548457,-0.0170434476773445,0.00260017150342456
0.0207889442872071,-0.0155895143205089,0.00238630573724134
0.0207635321243268,-0.0151677229399639,0.00232316050188235
0.0224872208054747,0.000750264660469472,-0.000130849176817796
0.0224916121630568,0.000752048372056839,-0.000131217933571711
0.028643881056645,-0.000410901588132108,6.21209123744529e-05
0.0286439200827805,-0.000411038547310222,6.21472100660386e-05
0.028643843405637,-0.000410769951891624,6.20956564249213e-05
0.028643966468479,-0.000411201237235457,6.21784420825231e-05
0.0286439847341985,-0.000411265980915236,6.21908898534314e-05
0.0100054984764877,-3.71794856453143e-05,-6.49890191644829e-05
0.0118858343997487,-0.00102947970351428,5.35640483219988e-05
0.0121788739171402,-0.00103140714071349,-2.6476555383573e-06
0.0223777695943916,0.000719247592003651,-0.00012423304850228
0.0138182762570365,-7.07175559413952e-05,1.44670373834185e-05
0.0222211240222515,0.000674010017247019,-0.000114395170753602
0.0220162801238238,0.000633879208164192,-0.000106784874026902
0.0223294228370342,0.000706533823362372,-0.000121485604160225
0.0222514596919818,0.000685388361804625,-0.000117055457087935
0.0223375009851022,0.000695813749154836,-0.000118073383989613
0.0221570006835361,0.000659542313742399,-0.000111595390516823
0.0240251325360934,0.0001445949332551,-2.60220709814769e-05
0.0289584776035458,3.33765298175825e-05,-1.06661053285462e-05
0.0207719861528142,9.76450254784892e-05,0.000111730243196213
0.0236199227364672,0.00050339691966528,-8.87785357195569e-05
0.0289584772984113,3.3376549890836e-05,-1.06661057221313e-05
0.0289584543595215,3.33736462493168e-05,-1.06654168431939e-05
0.0289584850173933,3.33775375096806e-05,-1.06663404130371e-05
0.0224424568332258,0.00073540464226655,-0.000127727128933073
0.0262614043954604,-3.7271649443935e-05,7.07430799177121e-07
0.0263769473873428,-5.06956460217005e-05,1.36480994819943e-06
0.0289583581871832,3.33614240875622e-05,-1.06625093875983e-05
0.0278206023127604,-2.13129772335156e-05,-4.63720305069221e-06
0.0273982081909993,-3.79959024918889e-05,-1.96507751691575e-06
0.0289583748944642,3.33635353290865e-05,-1.06630105601528e-05
0.0280034956576156,-3.5999925796518e-05,-3.1988402255976e-06
0.0303096366153364,0.00316599034751352,0.0099901577523772
-1.10200443060949e-05,-6.65486346551206e-06,2.44763793369601e-06
7.54569856737214e-11,-2.64845358699219e-12,1.1407505249553e-12
-5.13476215663751e-08,7.56680189385349e-08,-1.3427259379341e-08
-1.77171776429461e-08,2.62561830684287e-10,-2.98388109487134e-11
7.12878782741867e-11,-2.50212272135199e-12,1.07772241820715e-12
7.36214513566511e-11,-2.58402826462976e-12,1.1130010319901e-12
-2.8305458901205e-08,-2.87747352027901e-08,5.20510616007856e-09
3.35669577533138e-09,-1.37450979780511e-08,2.59378505118785e-09
7.22394112998428e-11,-2.53552048389692e-12,1.09210761210865e-12
7.70487534042395e-11,-2.70432276560185e-12,1.16481467722867e-12
7.64097609673441e-11,-2.68189472054014e-12,1.15515438910606e-12
0.0281775006410787,0.000513019370137162,5.99120886364355e-06
0.0255201246450339,-0.0023461357370666,-0.0034948879654239
0.027336726084411,-1.23616083308202e-05,0.000484492223058648
0.0266481988101489,0.000797684820656967,0.000612741785505005
0.0266482985930808,0.000797677399494176,0.000612729273063897
0.0266483266673398,0.000797713671779243,0.000612751704419465
0.0266483089048408,0.000797734194106436,0.000612772910344101
0.0280425707569114,-0.00106237815593184,0.000384352241811679
0.0266481642042435,0.000797675173567617,0.000612743251292728
0.0237182953106437,-0.00427383124594539,-0.00180451576794507
0.0266483497367426,0.000797660521324021,0.000612730702862661
0.025520539482999,-0.00234616943606167,-0.00349497442924247
0.023746183488871,-0.00729169790311068,-0.00995695297324992
0.0237410150626854,-0.00730262392087128,-0.00997236360118918
0.0266483121610136,0.000797730375148294,0.000612766954384662
0.0237294272991028,-0.00732699212271012,-0.0100067753176984
0.0237306629094778,-0.00732441073106437,-0.0100031289860258
0.0237292509356419,-0.00732736803776149,-0.0100073048216343
0.0276977640007478,-0.000651471604346347,0.000255407210949936
0.028674595712422,0.00384029806926952,-0.000417547410795561
0.00617709200651074,-0.0013347105701461,-0.00182385426954112
0.0269183424911675,-6.24196267545886e-05,-0.000115681455825132
0.0269183236472105,-6.24062775174933e-05,-0.000115677315801454
-1.5230606606474e-09,-1.46702419271761e-10,-4.8190340046218e-11
0.00649942593438933,0.000122000154357606,-2.08883098705945e-06
0.0193929261735959,-0.000738300957888835,0.0002780275637612
0.0286746520029601,0.00384055243763341,-0.000417584012711856
0.0271757161552178,0.000749422817617996,0.00099370052280262
0.0272790341302935,0.00107582407818288,0.00143970363001214
0.0278538879565564,0.00289198780195934,0.0039213498113802
0.0269188592214336,-6.19951232879306e-05,-0.000115045634272847
0.0269188915808121,-6.19860931415494e-05,-0.000115022649478597
0.0255105417534284,0.000947756583666863,-0.000350653414696013
0.028340990633365,0.00105109831747083,-0.000121205476301928
0.0277972798921082,0.00273474409138323,0.00370677476707935
0.028143789103095,0.00353649686996764,0.00479838070015361
0.0288103504341794,0.00534095835758949,0.00726003163311638
0.0279870190731732,0.00324699831299854,0.00440557222490495
0.0287645226910158,0.00522431706612822,0.0071010310565904
0.0266743610180473,-4.69933571696755e-05,-8.01847704701737e-05
0.0288338439377504,0.00540078422298867,0.00734158232013261
0.0288149381770398,0.0053526786483294,0.00727600615608559
0.0248742028929933,-0.000933933890345399,0.000333497757920459
0.0253858351358588,-0.0009546368909192,0.000341697578809494
0.0269182780229899,-6.23644856180434e-05,-0.00011565427599272
0.0269182992466753,-6.23880965286822e-05,-0.000115670826373859
0.0213403062389811,-0.00304053338960857,-0.00218747983263703
0.0269182878925702,-6.23934164810834e-05,-0.000115681174628944
0.0269183002397513,-6.23868110695377e-05,-0.000115669201158725
0.0286745662752484,0.00384019156471475,-0.000417531242837736
0.0286745528292152,0.00384016281669842,-0.000417526090654929
0.0117783985141526,-0.00254492723229116,-0.00347759399208735
0.028182511652734,0.000660897512033317,-3.78695282351426e-05
0.0282979108317099,0.00140667613228497,-0.000126924263725871
0.028135676009607,0.000357337007013073,-1.65767698634063e-06
0.0283900811820943,0.00064551144391148,-0.000114668382379754
0.0286746350992838,0.00384046433216668,-0.000417571714064009
0.0269182737168903,-6.23690716791986e-05,-0.000115658352507985
0.0269182960570693,-6.24034760043807e-05,-0.000115685848398034
0.0269183013734852,-6.23897643555713e-05,-0.00011567117887889
0.0269182915213664,-6.23926895590573e-05,-0.000115678708878287
0.0269182895641345,-6.23959030980056e-05,-0.000115682498772229
0.0269186107899743,-6.23988031756411e-05,-0.000115544043081121
0.0245188630718523,-0.000917298705476378,0.000326959571442983
0.0269185210145618,-6.24963764821448e-05,-0.000115677292255205
0.0269184449869575,-6.24899917355025e-05,-0.000115704305231002
0.0289768940214616,0.00576545125533826,0.00783865757644667
0.0259473040605919,0.00170318620139477,-0.000624878917730205
0.0256908625022569,0.00126094642181255,-0.000464364334080551
0.0214198384576987,-0.00240863670942648,-0.00242916725039919
0.0220324999789238,-0.00514662719413574,-0.00703294537430221
0.0269182696822475,-6.23585450160532e-05,-0.000115650177315314
0.0237520500233962,-0.00727913382488309,-0.00993930223401423
0.0135822301922869,-3.41971779148292e-05,-5.99746641627194e-05
7.68855199401691e-11,-2.69859339568985e-12,1.16234689519263e-12
7.38387287601288e-11,-2.59165457424433e-12,1.11628586903569e-12
3.35625228751742e-10,7.20542195230659e-10,9.56099261053202e-10
7.18234023950975e-11,-2.52091867948338e-12,1.08581826645784e-12
6.03537424682693e-10,-7.00516344841572e-10,-2.63515178943776e-10
-1.66778937976167e-09,-7.93723566942149e-08,1.10825407899104e-08
-1.79127868090593e-11,-8.52968789790379e-12,-1.32939865489602e-12
4.59767830604601e-11,-7.09566171031815e-12,6.12678331478287e-13
7.65461785360476e-11,-2.68668297756615e-12,1.15721680523374e-12
7.23817238253309e-11,-2.54051534156561e-12,1.09425900882433e-12
7.48315053223852e-11,-2.62649978198266e-12,1.13129450477945e-12
6.76129426246231e-11,3.45644214359539e-12,9.55541604917494e-12
0.0269247151911699,-0.00102539810415614,0.000385948355145683
0.0343387914654783,-0.00130851222007878,0.000492105524022584
0.0277164854248555,0.00234242511400603,0.00316883373595505
0.0285826435676713,0.00472218394727361,0.006415857070144
0.0269182892530236,-6.23928471651351e-05,-0.000115679997782439
0.028938816126313,0.00566833653811436,0.00770628237193375
0.0269187018784514,-6.2245897121632e-05,-0.000115357484633573
0.0269185176816468,-6.23109695700355e-05,-0.000115501264035745
7.74166957326984e-11,-2.7172370340314e-12,1.17037714834778e-12
7.64464260526699e-11,-2.68318148341753e-12,1.15570862560834e-12
-5.64512286126558e-09,-1.58620425125401e-08,-2.09417856678951e-08
7.76061913146374e-11,-2.72388803877252e-12,1.17324189500998e-12
2.00086588585056e-08,-2.72866305215021e-08,-1.2918190419499e-08
3.04607167717108e-09,1.82357250114211e-07,-2.54249842404747e-08
-6.59036694951928e-11,-1.20348216040623e-11,-2.65476623668127e-12
-2.1935442166802e-11,-1.6444618225959e-11,-5.90352514401568e-13
7.39112401155994e-11,-2.59419934890492e-12,1.11738194755081e-12
7.32081793472235e-11,-2.56952277388389e-12,1.10675317499128e-12
7.16703526368303e-11,-2.51554675214841e-12,1.08350444670491e-12
-1.45785183607614e-10,1.24966530855941e-10,1.73230173690035e-10
0.0272064612316112,0.00131074819094743,0.00176691746405231
0.0249971231105645,-0.000945111240354254,0.000337647612213342
0.0269186893269368,-6.22430222018861e-05,-0.000115363428421606
0.014672040988817,0.00043914118454489,0.000337422389340945
0.0269186915060475,-6.22435242900056e-05,-0.000115362384100222
0.0266565561763473,-4.57836347510319e-05,-7.74113082778801e-05
0.0290684156043442,0.00599885711660177,0.00815680064335737
-1.56187290308885e-09,-1.52500362791933e-10,-4.90660312385801e-11
0.0269186931880293,-6.22438947014531e-05,-0.000115361605354023
7.43084950729001e-11,-2.60814279584287e-12,1.12338772560071e-12
2.25450813761364e-10,2.18648877751468e-11,-1.85774726575968e-12
0.0272431796256712,-0.000904345348128959,0.000273697016523101
0.0270921222138905,-0.00640496214408505,0.000805111375936485
0.0221656650932386,-0.00388193755553132,-0.00530819354299069
0.0203069259516061,-0.0030066671148475,-0.00411644009574183
0.0283653147160471,0.00420905055817421,0.00571703117145168
0.0250410690979663,-0.000938221201758255,0.000335222229590839
0.0283901089982112,0.000645489334393426,-0.000114672959313342
0.0277428181323933,0.000241586142639504,0.0002531896432329
0.0277352116810662,0.000236853101595766,0.000257499866927217
0.0283901094653468,0.000645509475431751,-0.000114674899666006
0.0283901042374507,0.000645496304472142,-0.000114672462459071
0.0283900947484463,0.000645506043858845,-0.000114671108946789
0.0283901236470928,0.000645470204949706,-0.000114674522386641
7.17134462443658e-11,-2.51705970323777e-12,1.08415612221451e-12
0.01323356953669,8.51290021050638e-05,0.000124886050990515
0.0211547009936352,4.18561958635297e-05,7.16042017707117e-06
0.0266600997070724,0.000171498559097657,0.000251592173495254
0.0274149016488043,-0.00103723712973039,0.000374336612041924
0.019637772155477,-0.00184070334052943,-0.00261939966883664
0.0282702115892018,0.000118949857730847,0.000118411784625766
0.0266227151977814,-0.00195404931335329,0.000669492136465957
0.0264965939128179,-0.000203882651770399,-0.000274496773580581
0.0274440297677033,-0.00103861900042548,0.000374871795457846
0.0244051619148363,-0.000909891803282708,0.000324087923104173
0.0266151251540497,-0.00016473682846523,-0.000230289856667732
0.0246826611727546,-0.00092776179098501,0.000330966052119665
0.0211287297648641,-0.0016547638248588,-0.00227243704747082
0.0245393011633492,-0.000920472624554903,0.000328145321101032
0.0240348372510702,-0.000895948536068363,0.000318602309766808
0.0242248094279353,-0.000905989609999839,0.000322469535197937
0.0239358621175381,-0.000892676819209525,0.00031730747619045
0.026671279311971,-0.000145761929499471,-0.000209046578162148
0.023974576989727,-0.000894606506900819,0.000318055043900771
0.0187097955126744,-0.00263339479322387,-0.00360903281405452
0.0239237795283668,-0.000891682860114898,0.000316929335168955
0.0261037279493932,-8.86711602731496e-06,6.10378911450151e-06
0.0291443539290178,0.00619252145541777,0.00842077645061623
0.0261037280087409,-8.86682160378006e-06,6.10387957649891e-06
0.0261037280289277,-8.86673479262855e-06,6.10390698816762e-06
0.0261037279800105,-8.86694024813078e-06,6.10384220007846e-06
0.0256015521962468,0.00110686708805078,-0.000408481969900807
0.030864959820025,-0.00117467538770494,0.000442345424700977
0.030294719730901,-0.00115286276579656,0.000434184264033043
0.042218793334518,-0.00160955457038922,0.000604943941749372
0.0422215414822494,-0.00160953920403992,0.000604969126141192
0.0422277295745743,-0.00160950176924418,0.000604990732624585
0.0422259187466629,-0.00160951132640157,0.00060497256144219
0.0315650227241098,-0.0011994131508175,0.000439393395912207
0.0294536612989897,-0.00111669964115701,0.000406218414240948
0.026452420247502,-1.88454286108105e-05,-3.86791437628768e-06
0.033173088061175,-0.00126149027239031,0.000464427632962608
0.0271284259479191,0.00197448666198944,0.00269960110993875
0.0269916875294453,0.00168854221322838,0.00231176608347197
0.0269072515429908,0.00151196072921143,0.0020722609808717
0.0268352932647599,0.00136145683505804,0.00186812231575373
0.0273069729384695,0.000597785278950646,-0.000533426816304694
0.0275103201750382,0.000549436761863379,-0.00011856538518923
0.0261794419683986,0.000137687805991656,-0.000171631012320058
0.0266541598084432,0.000444688758922394,0.000513717816955364
0.027397487069159,1.56182334444866e-05,8.16850854846475e-05
0.0267423616308657,0.000551752134729731,0.000688572526184631
0.0266600533659601,0.000171407887539904,0.00025144506281278
0.0266600590921831,0.000171419337293267,0.000251462893290355
0.0266601016096487,0.000171504079174836,0.000251595553350657
0.0285614940747891,0.00015348105399207,0.000130693453814713
0.0259970836583057,-0.000391550012396839,-0.000509569019656379
0.0211412294087533,-0.000534553321155134,5.41322692235316e-05
0.0285615057891135,0.000153466906279747,0.000130685160462394
0.0285614962834882,0.000153478089289862,0.000130691934962356
0.0262944646184921,-2.64098753552914e-05,1.49499343887009e-05
0.0213013819532215,-0.000437454587888439,-1.2397784975576e-05
7.8036404798071e-11,-2.73898818549861e-12,1.1797458772828e-12
7.55624468815633e-11,-2.65215489542211e-12,1.14234476031976e-12
2.09265049478247e-10,2.03676723112903e-11,-1.73720035776058e-12
0.0261309145723655,-0.00705368575609755,-0.000927627382978787
0.0273036981029656,-0.00029252765866222,0.00055862149074521
9.03873310465911e-08,5.33296395451424e-08,-2.304441958546e-08
1.85929916951607e-10,4.12441935857593e-11,1.298882859977e-11
0.0267649188544461,-0.000213563760037401,-1.79957947259573e-05
0.0267652655568766,-0.000213369634187447,-1.80897319065001e-05
0.0262057148867579,-0.000287761249782202,-0.000351774688504676
0.0262044254902853,-0.000282305696878128,-0.000338715434004258
0.0260691577001174,1.55222966107074e-05,5.95295576011222e-05
0.026069157894345,1.55221804998301e-05,5.95298852756745e-05
0.0260691575437687,1.55224316721516e-05,5.95292019884461e-05
0.017151479219377,-0.000115370737263273,-0.000190523789284439
0.0260691579070497,1.55221736240683e-05,5.95299017240226e-05
0.0261692498664885,-0.00012984766316162,2.9972520434027e-05
0.0261721550603788,-0.000180862661700447,-0.000169219077053973
0.0261690854487141,-0.000130600424018804,3.00983367851968e-05
0.0216004375030444,-0.000745959794317026,0.000257799802669385
0.0262143381678826,-3.07087036692723e-05,-2.82056793494581e-06
0.0262143384161265,-3.07066949633115e-05,-2.82081248751e-06
0.026214339505656,-3.0699661024398e-05,-2.82167366593734e-06
0.0262143387137818,-3.07056420311792e-05,-2.82094336875865e-06
0.0262143391995097,-3.07014405926402e-05,-2.82145513029362e-06
0.00321543473935787,-2.54699113176217e-05,-2.32671628534988e-06
0.00162002675692601,-1.27945036359927e-05,-1.21190488127693e-06
0.0212772684612547,-0.000819093322600495,-0.0011809636041947
0.0261794451106578,0.000137689449730633,-0.000171632108735135
0.0261794376032798,0.000137685436825899,-0.000171630630292463
0.0261794211086259,0.000137676675980418,-0.0001716270214666
0.0285615430869535,0.000153420981817019,0.000130658868389149
0.0285615343380761,0.000153432011973752,0.00013066499164281
0.0259970653632421,-0.000391592624182533,-0.00050962791010498
0.028561518989876,0.000153450975254995,0.000130675783388629
0.0221434899694022,7.31377512566079e-05,4.57710418805121e-05
0.0259970489725169,-0.000391630727549336,-0.000509680579935428
0.0285615397122934,0.000153424224016902,0.000130661283736228
0.0285615370319352,0.000153428612130937,0.000130663091562846
0.0259970495392921,-0.000391629460830158,-0.000509678825381212
0.0239974523465419,9.62919244994961e-05,7.02733297729385e-05
0.0257745633213595,0.00307711304845577,-0.000286648894946305
0.0259394852908819,-0.000207806930646964,1.3315765494361e-05
0.0259394845879775,-0.000207845004335107,1.33210729634656e-05
0.0259394849669329,-0.000207829225840894,1.33188501682745e-05
0.0259394841248863,-0.000207859004984928,1.33230631530107e-05
0.0267129825937103,-0.000246276137851258,-2.97963237252197e-06
0.0190792823881457,-0.00054293295249632,-8.98676637824108e-05
0.0232209755759848,-0.000211851523691099,-5.41120238150676e-05
0.0263283809922008,0.000991780219544129,-0.000101150431083006
0.0276937624412986,0.000145591845343466,-1.58665373418613e-05
0.0276939513204272,0.000145595444840635,-1.59041191376583e-05
0.0276937408872366,0.000145590759922,-1.58605539079099e-05
0.0276938432823465,0.000145592844541985,-1.58813473775971e-05
0.0253761148038185,0.00474930232461488,-0.000445521298357683
0.0266626373873881,0.00140359391435975,-0.000619560161994062
0.0255781637937604,0.00460500482214268,-0.000428001951493815
0.02248086476222,-0.0192577576364049,0.00284056598627563
0.0252520080830007,0.00805727635643679,-0.000732925581746908
0.0233295933182911,-0.0209483885265481,0.0036509020641388
0.0260299679534592,0.00086715113177831,-8.6997293536429e-05
0.0262065216799017,0.000859383283321196,-8.81543548878779e-05
0.0258175016713691,0.0023234461753528,-0.000219314652432718
0.0260545320037093,0.000183931519342616,-2.60451969908536e-05
0.0267045815896661,-0.000254676832932111,2.5637274176883e-08
0.0266993497309161,-0.000259986445180615,1.90823338108419e-06
0.0269166338112846,0.00168233161392695,-0.000496159382716269
0.0266673812704559,-0.00029154454262629,1.32939411519506e-05
0.0286048051282092,0.00954435357272319,-0.00354741895298999
0.0274889623106427,-0.00427577255083768,0.000471948598880761
0.0260618899093544,0.00201780623024447,-0.000193616853181835
0.0276954861327865,0.000145634804749297,-1.62124164018433e-05
0.0276951699430813,0.000145626532725244,-1.6148844451912e-05
0.027695133281093,0.000145626445796231,-1.61426132219301e-05
0.0251813938115019,0.00870132279155672,-0.000793834476017608
0.0251235042556599,0.00929829443722556,-0.000847114281295634
0.0251167195238481,0.0093676261252812,-0.000853275559793511
0.0267212802664152,-0.000238122901450791,-5.92790062212135e-06
0.0266337276099811,-0.000326012900629423,2.54464389161741e-05
0.0267212796737532,-0.000238118288670318,-5.9287703508906e-06
0.0266350830649788,-0.000324632634933912,2.49575128291764e-05
0.0266771322662963,-0.000282461583289557,9.89385010383499e-06
0.0267212685822771,-0.000238206489555476,-5.91618710636715e-06
0.0267212684942357,-0.000238210536817242,-5.91568633714335e-06
0.025310188085868,0.00525478531337466,-0.000491532502054042
0.026721267908788,-0.000238204540528821,-5.91624682555095e-06
0.026721266806246,-0.000238205829232929,-5.91584897571519e-06
0.0267212616483691,-0.000238193863495449,-5.91607440880899e-06
0.0269191095855009,0.0016912710702008,-0.000487137403548791
0.026721269007933,-0.000238194264669125,-5.91763933752727e-06
0.0254247653151818,0.00437643954965033,-0.000411588472357457
0.0269173574611778,0.00168535400526574,-0.000491909152659928
0.0264840080185528,-0.000336461135110695,0.000130795285077569
0.0269091066445868,0.00165550477655516,-0.000522009207130019
0.0266681003066666,0.00144381094198875,-0.000518068511174211
0.0266683434993506,-0.000290475776828834,1.29356725501998e-05
0.0202938691453042,-0.000506652067733852,-0.000739263795005187
0.0266685449459769,-0.000290341580169591,1.28725328771141e-05
0.0266641800903896,-0.00029482388340326,1.44498731091109e-05
0.0228876113524925,0.0237775269810834,-0.00217537946502905
0.0228876257777273,0.0237780134319571,-0.00217544832152967
0.0228876474677667,0.0237787426304193,-0.00217555156852636
0.0228876460333276,0.0237786944235022,-0.00217554477381944
0.0228876621917998,0.02377923750821,-0.00217562162114517
0.027024773807351,-0.00363664391321504,0.000398682436053537
0.0268310266851837,0.00151666071328972,-0.000770699161678521
0.0252838406100775,0.00763570776224206,-0.000698348876038481
0.0292784173766028,0.00013610779262157,0.000156220881169376
0.0267037217188454,0.00124866389890787,-0.00145802629518429
0.0252197400448243,0.00829407007950446,-0.000757007386474948
0.0252339856572519,0.00815630236245864,-0.000745078695625915
0.0291221312412441,0.0114022425012517,-0.00424436672341196
0.0242667605471505,0.000463823000767515,-8.46091289033239e-05
0.0226720653982843,0.000798850138025088,-0.000141306378042596
0.022672426620596,0.000798117372532769,-0.000141165315163332
0.0226741001238631,0.000794975825736665,-0.000140560074342936
0.0226805672723961,0.000782161815454384,-0.000138091402104379
0.0226738838667365,0.000795393892901956,-0.000140640613730542
0.0292784412243778,0.000136103229950438,0.000156226467753079
0.0269335157567856,-3.52549372378041e-05,-8.92216250987626e-07
0.024543492660869,0.000402046355300337,-7.4062598806514e-05
0.023828644499301,0.000559174202435742,-0.000100828950130581
0.0241203882048033,0.000499585321990533,-9.07884124281004e-05
0.0249165476304719,0.00033046466467138,-6.21230532939954e-05
0.0250851754186255,0.000298930431804553,-5.68852233118077e-05
0.025135519512003,0.000286830108326529,-5.48017163344487e-05
0.0271524941422927,0.00192425971601589,0.000305586840437211
0.0117812719726257,-0.00102950122004688,7.18015709479034e-05
-6.01229346508241e-06,8.54673473724473e-06,-1.51103605188364e-06
-7.86071608154712e-06,1.11593248615427e-05,-1.97256947965554e-06
0.020623283883317,-0.0113434348172189,0.00174406191995742
0.0281340964235319,1.69524684218586e-05,-9.69429623239319e-06
0.0284239904146197,5.23478266118942e-05,-1.43737040367412e-05
0.0284240226061569,5.23491490879086e-05,-1.43739639294567e-05
0.0275581844858603,0.00015252549510007,-3.0847795454739e-05
0.0284240022238041,5.2347565418643e-05,-1.43736563430672e-05
0.0281138482019854,1.448099203167e-05,-9.36728981571728e-06
0.0283073826068508,-5.73736437485618e-05,-1.46036485342869e-06
0.0128889850279829,-0.00103798236213503,-0.000143975519838244
0.0276487807871645,-0.000120470443824752,5.21001195235362e-06
0.0275327089011015,-0.000165335932455608,9.48428586147936e-06
0.0155077704030183,0.00345111853994612,-0.00128339709403198
0.0358456001947207,-0.0011976380184185,-0.00461779368606115
0.0272599039323069,0.000107298947653527,-2.1202233571018e-05
0.0196018489746051,-0.0031150852475807,0.000478344166537586
7.4024939543822e-11,-2.59819007004526e-12,1.1191008450431e-12
-2.94006785543726e-07,-2.62720098723373e-07,2.78744226970049e-08
-2.89653797203937e-07,-2.61842009754119e-07,2.87702231894982e-08
-2.97360155966011e-07,-2.63394173423661e-07,2.71848955219392e-08
-2.98277490775462e-07,-2.63580420233502e-07,2.69986579998319e-08
0.0291102942964921,0.0113934099548429,-0.00424106554848303
0.0292769938509102,0.000137724995558076,0.000157565393556526
0.0352810974395347,-0.000974528662977632,-0.00417561778685539
0.0272599310615902,0.000107354792561633,-2.12112169813232e-05
0.0182252071339475,-0.00625998822714974,0.000961775400319
0.0160766269840366,0.000362806477643066,-5.97571563539931e-05
0.0358401609921009,-0.00119575421115489,-0.00460649646825897
0.0128139225785657,0.000337657116637875,-5.71219296614056e-05
0.0107783273142774,0.000339003708572371,-5.74813335833611e-05
0.0112675946144143,0.000357650002411306,-6.06821698544976e-05
0.0128094574030566,0.000415162431362364,-7.05412563617337e-05
0.0345904180406928,-0.000738006678887805,-0.00384694656635117
0.0310898549400859,0.00437622574561235,-0.000801135686386168
0.0311726011100752,0.00385218422031892,-0.000706863818963565
0.0210220336284853,-0.0001409263911552,2.1066027910241e-05
0.030525088526488,0.000659655366332306,-0.000129550441276042
0.0230236248895427,-3.37253022178648e-06,-9.39231598733436e-06
0.0366851189191111,0.0018012199216726,-0.00034254537011611
0.0266353387385999,-0.000485962165037882,7.41316001103056e-05
0.0122451417762768,0.000169074119628266,-3.08893323935369e-05
2.30102836384091e-08,-8.32241861144206e-08,1.55522981796883e-08
0.0183420175765496,0.00105717607599223,-0.000186366605703647
0.0140652369534239,-0.000148532310177013,2.24677402194511e-05
0.00960654095408413,-0.000101492558212596,1.53531954011807e-05
7.81324685484489e-11,-2.74235986539472e-12,1.1811981338195e-12
7.63277235523696e-11,-2.67901536624361e-12,1.15391418789988e-12
7.72501932058143e-11,-2.71139316972904e-12,1.16786006862769e-12
0.00801095591758666,-0.000164145252707768,-0.000348004255641451
0.0122694354651843,-0.000251399269223382,-0.000532714076768839
0.0287406835675677,-0.00058882889743123,-0.0012463345484519
0.0287406868387321,-0.000588836097174163,-0.00124636591389533
0.0265536592649442,0.000381325065488913,-7.23918319263272e-05
0.0423352990325207,-0.000585738796481293,8.19790627133926e-05
7.79719197633473e-11,-2.73672466418948e-12,1.17877092251816e-12
7.63375300532752e-11,-2.67935935105722e-12,1.15406234262263e-12
2.86168000684022e-07,-1.78155336111319e-08,3.00522501111205e-09
7.23926921386319e-11,-2.54090022725306e-12,1.09442478356854e-12
8.69651998362993e-09,1.18913465165602e-09,-2.17216537189017e-10
7.52389822766914e-11,-2.64080170798617e-12,1.13745467102519e-12
7.44228622092272e-11,-2.61215669420487e-12,1.12511659181103e-12
7.70823120425547e-11,-2.70550046642115e-12,1.16532192787431e-12
7.69522408516128e-11,-2.70093520408179e-12,1.16335557020506e-12
-1.65520123521604e-08,-2.09694862261772e-08,3.81430472947783e-09
7.44352325434134e-11,-2.61259103189845e-12,1.12530367762631e-12
7.59455704453641e-11,-2.66560228276757e-12,1.1481368639138e-12
7.5385392361542e-11,-2.64594039542697e-12,1.13966802484584e-12
7.2106502135422e-11,-2.5308552731841e-12,1.09009819149701e-12
0.0303155142665065,0.00404213754922043,0.0130544837373916
0.0302298706920207,0.00460443086135396,0.0153951054328636
0.0302020853306324,0.00478654010652474,0.0161527438069421
0.0302021308421909,0.00478642480258332,0.0161522364589746
0.0329405840249323,0.00175420237456965,0.00557439055163387
0.032129617839515,0.00253781816484182,0.0082265082942598
0.0275167759482297,-4.48632882986742e-05,-1.85228926095642e-07
0.0275167404015314,-4.48255711796946e-05,-1.92384126027357e-07
0.0247889141018353,0.00043313699587754,-7.72417187771405e-05
0.0206251491532949,0.000425955492481166,-6.90545204525096e-05
0.0202979577364715,0.000425067331003088,-6.91248748463424e-05
0.0208497513811001,0.000454402582607199,-7.41644246563984e-05
0.0227697483801805,0.00078692638902458,-0.000134273522809125
0.022676318406431,0.000764443494041679,-0.000130265719043296
0.0314833362185491,0.00068272061076249,-0.000119846881273662
0.0226831484932691,0.000764815717090636,-0.000130328533726006
0.0275400328398807,0.00071971234537539,-0.000124581109236916
0.0274929729369636,-0.00112967017867689,-0.00293184445457753
0.0100906683066307,-2.95922800029494e-05,4.43562420798249e-07
0.0275169403783815,-4.50560261491679e-05,-1.48661229114976e-07
0.0148123503966306,-0.00136742682407451,0.000243610295435671
0.0227756217863921,-0.00310685365917625,0.000554861801088067
0.0227599631553861,-0.00312226848895383,0.000557661370504937
0.0227730121000898,-0.00310942245061309,0.000555328647384726
0.0290400652526902,-8.51658967602113e-05,1.27672835554765e-06
0.0290400649117367,-8.51650021351706e-05,1.27661512177069e-06
0.0290400619516569,-8.51603377614168e-05,1.27597277338454e-06
0.0290400617161073,-8.5160366979106e-05,1.27596563818145e-06
0.0290400425203879,-8.51287944080523e-05,1.27162064058136e-06
0.0290400592793488,-8.51558014093365e-05,1.2753501459248e-06
0.00740018196288931,0.00292020449255605,-0.00108648336212831
0.0290400235352338,-8.50986955933223e-05,1.2674568204537e-06
0.0236370742256034,-6.92738949185759e-05,1.03274324413433e-06
0.0177042439114211,-0.00118268675743648,0.000211276050401135
0.0293520366867005,0.00237627988044555,0.00492504864260528
0.0290400077085925,-8.50736688151921e-05,1.26399412745342e-06
0.0290400093847053,-8.50763997823161e-05,1.26438064498593e-06
0.0251529634699309,0.000308476509184312,-5.93011280020832e-05
0.0292618286703877,0.00136165100684263,0.005114207015903
0.0292151787885202,0.00119612787107722,0.00458144541624965
0.0292434660605723,0.00130236318764831,0.00492816125393457
0.0260102572459358,0.000360076426946126,-6.93136904249044e-05
0.0155901984401423,-0.00105715848000946,-0.000665932302382706
-9.91333029494584e-06,1.39892004950618e-05,-2.47106316200839e-06
-9.58660374636459e-06,1.35514010013569e-05,-2.39393288217805e-06
-9.67289887085442e-06,1.36671894227544e-05,-2.41435064186968e-06
-8.98212737727617e-06,1.27177799592381e-05,-2.2470698565634e-06
0.0199171868347288,-0.000108289781669611,1.3756611549112e-05
0.0156274530254369,-3.01123543713314e-05,2.18834561326792e-07
0.0176437433519076,-3.50715158193081e-05,4.48981845295403e-07
0.0226390215591392,0.000759342390316025,-0.000129368731486587
0.0191299958997863,-3.52570634129161e-05,-3.4133347553429e-08
0.00939910884495834,1.63449084387977e-05,1.11187036881637e-05
0.0176377218355882,-4.30957152370857e-05,1.95842205149347e-06
0.0176394711933938,-4.07679819483072e-05,1.52063677614464e-06
0.0176359399121734,-4.545496172653e-05,2.40187225684453e-06
0.0176358678127851,-4.55478571729322e-05,2.41926791199036e-06
0.019906672515593,5.54567395769411e-05,5.32603989274261e-05
0.0176355378758295,-4.59790287756685e-05,2.50017642593797e-06
0.0184261105727654,0.00715657751839657,-0.00266360820854583
0.0200462588828348,-0.00147445304636963,0.000260275477220026
0.0305252851373392,0.00249397990585229,0.00675276416416897
0.0154603327958123,-0.0010577973623796,-0.000645184681280725
0.0175861886136978,9.04441399140614e-06,-5.62615847669984e-06
0.0261001235169428,-1.86877622290542e-05,-3.80297324781964e-06
0.0261001234398723,-1.86877811597859e-05,-3.80296722077898e-06
0.0261001233712305,-1.86878147455056e-05,-3.80296075836014e-06
0.0261001233955192,-1.86878089676961e-05,-3.80296065532868e-06
0.0261001233397353,-1.86878298898462e-05,-3.80295592337552e-06
0.0261001233766391,-1.86878245973067e-05,-3.80295791222834e-06
0.0261001233252212,-1.86878397940804e-05,-3.80295588611999e-06
0.0261001233364706,-1.86878289852822e-05,-3.80295800136708e-06
0.00987173428175666,4.52103175771263e-05,5.11508823156124e-05
0.0261001234186692,-1.86878006388704e-05,-3.80296119769589e-06
0.0261001234417836,-1.86877908358593e-05,-3.80296470761992e-06
0.0229338290288973,0.000179359167076305,-3.46571173619273e-05
0.0292759675219488,0.000138865714331433,0.000158505724478199
0.0526304071659293,0.00122124484237416,-0.000165466158919731
0.0517802774553454,0.00120965826585387,-0.000164717914798483
0.0545020176504958,0.00124663328592045,-0.000167090450799681
0.0379209990849315,0.00187791648018554,-0.000319522311798405
0.055496012889392,0.00126009855546521,-0.000167949497734058
0.0556913905037566,0.00126270931386895,-0.000168111664169493
0.0473958634461162,0.0011494478060197,-0.000160773624407133
0.0490479941222355,0.00117222843533262,-0.000162277103295858
0.0248567114075896,0.00974889349501254,-0.00362884781926168
0.0365152346531792,0.000998624071515245,-0.000150724219276784
0.0430701649530657,0.00108952116787727,-0.000156784817429991
0.0514512865471685,0.00120514197214756,-0.000164422292627614
0.0548895887853077,0.0012517732755146,-0.000167405465191293
0.022954557975647,0.000825230859407652,-0.00014097773168515
0.0205259898622985,-0.00840183990053766,0.00129782621603364
0.0227182574220294,0.000767569494495818,-0.000130468281279818
0.0228296331096285,0.000793627228008079,-0.000135192954915879
0.0228854993814692,0.000810172442864222,-0.00013822308975765
0.0228995110251576,0.000815343236775586,-0.000139175067263954
0.0228935539405717,0.000809926172735159,-0.000138165973528789
0.0229242059464422,0.000822760461440515,-0.000140535240402409
0.0346711618138406,-0.000544365582405412,-0.00284813307042319
0.0350709763120819,0.00097610181565376,-0.000148917043738595
0.0292758371989197,0.0001390082522392,0.00015862272529629
0.0265488917580752,0.00016731155850738,-1.45851040514204e-05
0.0265488986425249,0.000167339088998612,-1.45862705689494e-05
0.026548904023751,0.000167360206499278,-1.45871571163775e-05
0.0265488971557533,0.000167332937123286,-1.45860063812097e-05
0.0360277196248538,-0.00122964575240997,-0.00452635225923088
