-1.78795623351171,-0.281845274073479,0.00156466597776824
-1.01700020074365,0.0626416794288182,-0.00635831262851911
-1.01700021291428,0.0626416819990426,-0.00635831304870045
-1.01700020090088,0.0626416784197205,-0.00635831282994488
-1.01700020539249,0.0626416805939899,-0.00635831275527068
-1.01700013146817,0.0626416708446947,-0.00635831811194403
-1.01700012715357,0.0626416719192869,-0.00635831856811991
-1.01700018285647,0.0626416760061594,-0.00635831563406051
-1.01700016734147,0.0626416763134737,-0.00635831632444092
-1.39706590282712,-0.102143793428029,-0.00166222121833038
-1.0170001213059,0.0626416698153287,-0.00635831921508727
-1.0170001216619,0.0626416698462595,-0.00635831989223865
-1.01700011632581,0.0626416701237283,-0.00635831982339275
-1.01700011672737,0.0626416704096502,-0.00635831981277014
-1.01700012595658,0.0626416690839226,-0.00635831911736709
-0.625178846192958,0.0385076131645657,-0.00390863623883153
-1.01700017196135,0.0626416767433292,-0.0063583169376574
-1.01700012177509,0.0626416715996252,-0.00635831951723452
-1.01700012250609,0.0626416695277355,-0.00635832023535818
-1.01700011773348,0.0626416692458174,-0.00635832017544831
-1.32810064226831,-0.0686428243116892,-0.00260630830575901
-0.826226700102674,-0.0472524866301682,-0.00178807693866366
-0.856825742261948,0.859784849194748,-0.0573820657934088
-0.38997377381883,0.835800855934266,-0.05297460715027
-0.29970291180585,0.831060140994613,-0.0521158560456169
-0.932267507363439,0.347235637905963,-0.0261477107220717
-0.905068220452183,0.0169599506672249,-0.00249991368835791
-1.12427941643131,0.0828541941855614,-0.00785068649644766
-0.0326345495658756,0.481914964822255,-0.0290361308492195
0.36936174474417,0.794383717757931,-0.0456538608693532
-0.89085166245068,-0.1844379693138,0.00639852160416977
-0.291678673349184,0.280741750911241,-0.0183381182412273
-1.56359027346812,-0.665694055804137,0.0320690226897177
-1.53894097564935,-0.633621643219909,0.0303886012217628
-1.64415933690226,-0.769125020262654,0.0374893947865618
-1.73002993613728,-0.87803018002585,0.0431977628778025
-1.77360061771366,-0.931722419761516,0.0460134083848139
-1.76598938982762,-0.92175774511096,0.0454913599752071
-1.80991667293213,-0.974957095390607,0.0482819619049174
-1.81951427210322,-0.986108246107292,0.0488673156825416
-1.83102742234798,-0.991497399458504,0.0491415462666973
-1.83401196401121,-0.995233923192717,0.0493382256804426
-1.8786243531823,-1.05229506367925,0.0523408413050699
-1.86801818175078,-1.03868205989027,0.0516245360363353
-1.12434043948303,0.0828308190488468,-0.00784903999072011
-1.66253997371028,-0.777284572537468,0.0378685613573092
-1.89288215677525,-1.07065097361728,0.0533066411455101
-1.78306175309892,-0.930351487646163,0.0459238488548914
-1.88952846247552,-1.06652385044349,0.0530893937445259
-1.34428314685352,-0.0243690472546255,-0.00460634871831282
-0.875474414613681,0.0249660250187977,0.0996825076483036
-1.33001179332245,-0.0453163701468609,-0.00390603036025263
0.0544557026905857,0.492451279447836,-0.0291580160606503
-0.873307796398822,0.0251493135629029,0.100297914012888
-0.881674267608732,0.026397324364365,0.0950581243037324
-0.969671455935132,0.0474930713545016,0.0284771918387193
-0.870071437698838,0.0255855572994627,0.100919359123535
-0.867999290124671,0.0257134001243236,0.101565077394505
-0.992505902048364,0.052748053378043,0.0115530210271636
-1.02337777782207,0.0602559451174727,-0.0118937981595139
-1.03294807291049,0.0576108647472041,-0.00638114877888198
-0.708116814125477,-0.0783663484276974,-0.00155883797694178
-1.06465776451692,0.0671092746860887,-0.009572002325718
-1.07363237372283,0.0660987480330113,-0.010910869927213
-1.07363377712705,0.0660836108348575,-0.0109072012463561
-1.07363248440481,0.06610098730484,-0.0109112981385682
-1.07363413829884,0.0661000086444795,-0.0109108818276436
-0.878169659357339,0.0283382809034642,0.0935751496929626
-1.07366030381326,0.0658093643578872,-0.0108374174813735
-1.07365003982787,0.0659128444862388,-0.0108639222234727
-0.463823281882326,0.00368080924555622,-0.00213581375602912
-0.53640563085069,-0.198984288255859,0.00248477753663934
-1.03236517282532,0.0575563008439149,-0.00635387253801592
-1.03369858963251,0.0576690971897881,-0.00641438054507952
-1.03401608415832,0.0576960823147638,-0.00642829625999774
-1.0914770505458,-0.0451175261163323,-0.00246788484885641
0.112576594354817,0.248299856034199,-0.00411338288432076
0.0230431074171447,0.0506437893485346,-0.000839043776254517
0.0452171283051444,0.0995483701504074,-0.0016495663695844
-1.05954971916422,0.059796519776344,-0.00750562892401152
-1.05023234181327,0.0589849478985814,-0.00710887487745699
-1.04485267320638,0.0585237681206212,-0.00688040975669198
-1.04325079014893,0.0583923327285553,-0.00681285034436842
-1.05587444787428,0.0670716177391,-0.0090386319660723
-1.09683747694508,-0.417759566932328,0.148063870584624
-1.09678164566272,-0.417048365011717,0.148278300904124
0.209065142295669,0.462332210330837,-0.00765090582580905
0.182666949484939,0.403098518875565,-0.00667641718216543
-0.439992496177249,0.0324347340018043,-0.00307310197942963
-0.602188890106274,0.0377781721342371,-0.0521044495969881
0.547921023694446,0.81661036675868,-0.0212106748439732
0.637748719319538,0.846904078894215,-0.0217559043096666
0.674388224399506,0.858041048015075,-0.0219450962617746
-1.2412991431747,0.235826921401717,0.62362838727619
-1.23937532089334,0.227465263259198,0.581993901844331
-1.49055936473521e-09,-5.08127240151812e-10,-6.23205294690304e-11
-1.02925774962415,0.0572325040619737,-0.00620135467186652
-1.20380579783937,0.0750169644037259,-0.131546975865219
-0.802818711365487,0.0500166229470802,-0.0877003740860647
-1.06139593988623,0.0661322274694587,-0.115950768863442
-3.39460423141454e-05,1.41514183389996e-05,3.58771225485549e-05
4.46646629236535e-08,-3.36058054576162e-07,2.30820592787706e-08
-1.44077567632316e-09,-4.91156221334239e-10,-6.02390740418036e-11
-1.80074560120988e-08,-1.80971038011844e-09,-1.24564398235661e-09
-1.47830597402962e-09,-5.03950163454364e-10,-6.18082208996439e-11
-0.000127381061441829,5.13502453921502e-05,0.000127088943163651
-1.44282928470154e-09,-4.91856270206106e-10,-6.03249354523293e-11
-1.70542906296513e-06,5.99517955206158e-07,2.07581651113127e-06
-1.38280321702495e-05,-4.35342050231245e-06,1.65114562558309e-07
1.35502536045869e-05,-5.14886155346096e-06,-1.65105272220523e-05
-1.02940254714714,0.0572491281877321,-0.00620881534459237
0.318922030040179,0.715126927562137,-0.0117681980692175
-1.21601216004052,0.127675901817179,0.111091440364783
2.46294452632954e-08,2.52685324927663e-08,7.47460812895055e-09
-6.35065348854838e-06,-2.50597089853038e-06,7.53273677333384e-06
-1.46841226162471e-09,-5.00577423988013e-10,-6.13945614139935e-11
-1.45177128095927e-09,-4.94904570535002e-10,-6.06988016808878e-11
1.06675991744449e-06,-5.90576056442439e-07,-1.30211564720522e-06
-1.41598027697806e-09,-4.82703482949534e-10,-5.92023691247382e-11
-2.15072517781403e-06,-8.45960306917841e-07,2.54245634178551e-06
-2.93835456374788e-05,1.76271564449591e-05,3.60257536783275e-05
-1.45857198151983e-09,-4.9722284190714e-10,-6.09831322226762e-11
-2.01718854438346e-06,-7.93430870137613e-07,2.38449229790887e-06
-1.44704712992795e-09,-4.93294127939289e-10,-6.05012835532109e-11
5.86890060177657e-07,2.38961679407881e-06,-4.60908878391001e-08
-1.4122263226526e-09,-4.81423824643701e-10,-5.90454207279697e-11
-1.46160886680891e-09,-4.98258228217111e-10,-6.11101189949517e-11
-1.64171212986045e-06,2.36446614450618e-07,-5.67019551485603e-07
-0.000258964993607408,-1.35549262999281e-05,-4.87096018034623e-07
-0.648151858942459,-0.0233514129777197,-0.00167666630989836
3.40891724487616e-06,2.21300226868893e-06,7.83940599337702e-07
-0.776959439641769,0.0331639479265268,0.00135774284233844
-0.904890135032147,0.0385986598816694,0.00156920316944328
-0.278901703025063,0.0304982098725329,0.0850291926321279
-0.300625362725423,-0.0452696532807853,-0.179812063104496
-0.587478529505701,-0.0898203833712252,-0.354608821149422
-1.28750404728258,0.362255741268845,0.88578458342163
-1.36542255806148,0.618316458414922,1.14717649203177
-1.36103597978814,0.615691123206709,1.14181218279691
-1.36808613217504,0.619905151888727,1.15043395090597
-0.725790993449053,-0.0364862112689848,-0.00141708068657141
-1.36777600794674,0.61971913004508,1.15005471754092
-1.36048543834884,0.61539649833903,1.14113768213382
-0.815639099527155,-0.0486954253135827,-0.00132682355096074
-1.04870827344153,0.343847407561479,0.562598780631433
-0.280826440750699,0.00568251931100134,-0.00104012634120917
-0.42825257760636,0.0468283166727965,0.130556086608446
-0.931974791044549,0.122432307119143,-0.00743959723968424
-1.03603717774354,0.0431806196364369,0.000662757657112604
-1.05387075189314,0.0426859753133224,0.00110600043390648
-1.05387845942688,0.0426819936943536,0.00110505926009673
-1.05383973607725,0.0427015718728643,0.00110746301740783
-1.05385098813157,0.0426959779151547,0.00110742901229454
-1.16939876905183,0.501904274905346,0.907381880768024
-1.28581792334593,0.571071644320838,1.04981090580326
-1.29761394512494,0.578078734719481,1.0642413792942
-1.21704820003023,-0.0362134801040705,-0.00381866245666593
-0.424301499336058,0.00897921270507912,-0.00159567347165284
-1.24054309863069,0.237587728299863,0.603425979800528
-0.3837766744426,-0.0582484220209253,-0.230610799141045
-1.32893547527584,0.596645985530231,1.10255077250304
-2.05473613889664,0.539878101771032,-0.0226267075349478
-0.440357592110825,0.0818883327698841,0.048497376212658
-0.183465921691517,0.390106811271502,0.0429697036125868
-0.955549008293771,0.0399103831663305,0.0565764783029111
-0.89036031168335,0.0213963383936964,0.110702498425179
-0.890629098236802,0.0213191553111775,0.110667823752582
-0.890798818689248,0.021275216654718,0.110639864849249
-0.891181052968376,0.0212057848787594,0.11054216634808
-1.04914685841526,0.0589243791063617,-0.00705880949809306
-1.04158951348035,0.0582801645286091,-0.00673314920621714
-0.890506928871484,0.0213356056637854,0.110706766273689
-0.890477834100178,0.0213411272964502,0.110713585346429
-1.04869297345143,0.0588794612531751,-0.00703862166016939
-1.12412922929424,0.0829049344418663,-0.00785424945281692
-0.964006563246915,0.0804728641930155,-0.00678174574229133
-0.964002187958807,0.0804743958506638,-0.00678180383237941
-3.93625813842503,-0.162046781744329,-0.00892124309840089
-0.486666692739758,0.0273287773405211,-0.00327419770298456
-0.41208030773663,0.0231397032866807,-0.00277236995256034
-0.875326211728934,0.40576605989685,-0.0495735043623703
-0.310723347134332,0.312736322830759,0.0548487246119162
-0.971175416291831,-0.706437544722813,-0.0111362875569894
-1.11535677921043,-0.847582027527292,-0.0192321284989032
-1.11329755579495,-0.838782187955456,-0.0195083287074823
-1.11571901981127,-0.848884895653396,-0.0191786869451996
-0.875230385654497,0.406040940093007,-0.0495866177051196
-0.875161450370995,0.406238608132675,-0.0495962546378919
-0.666839452706036,-0.0275900088808937,-0.00150692764470623
-2.00565594888898,-0.0824260031582181,-0.00455035888632339
-0.512463824399119,-0.656428816553783,0.0143527132262489
-0.972638754302147,-0.271607972234506,-0.0212227564366352
-0.942079107994016,-0.168522997614469,-0.0136077266993573
-1.12233539599496,-0.88326628094009,-0.0200316469507131
-1.12193218204474,-0.875035426278913,-0.0196628889249034
-1.09613895121248,-0.76587429710348,-0.0233147255507805
-0.890285828602785,0.02149439620278,0.110616419633306
-1.12757538341256,-0.898926319799176,-0.0188403578752889
-1.13150583474156,-0.915459528086145,-0.0182910187360179
-0.865275963701094,-0.38017982916975,0.00582269383327794
-1.05984684151503,-0.568048737562192,-0.0275805205109154
-1.03615669949526,-0.466128488745384,-0.0309059513984989
-0.623521035087017,-0.56963670037493,0.0116719858368203
-1.04597897627859,0.0586442219227517,-0.00692246618641861
-0.974140859768038,-0.286789637815503,-0.0411225605080412
-1.12410654929165,0.0829122439554701,-0.00785477119489665
-0.833011536545604,0.0483245782692085,-0.0468541582504558
-1.2213032262516,0.0957867014176207,0.0214355327347873
-1.86372582403132,0.174557459703226,0.134429006508461
-1.59559703175459,-0.00835306127094099,0.0817372131845224
-1.7431683677426,0.0922860626323778,0.110734292957745
-1.82778617636922,0.150017121664409,0.127363862869243
-1.84688038420553,0.163050773118731,0.131117052927181
-1.86538793355632,0.17569192472382,0.134755743870201
-1.8624315158076,0.173672296597387,0.134174441844425
-1.8618521089617,0.173305905381256,0.134063771024845
-1.8612063532796,0.172874284629188,0.133937855068567
-1.8627336252668,0.173910554884493,0.134237369101834
-1.30364663647562,-0.207397418357039,0.0243763368993192
-0.507675399543886,-0.660425441543563,0.0144749395502143
-1.02883716602079,-0.494788216378874,-0.0330189121672711
-1.05441418114965,-0.61385654819363,-0.0298674994791981
-0.847389218078733,0.0881578516498936,-0.023168028713429
-0.958992079692165,-0.227737630888066,-0.0432739165410616
-1.12410961548532,0.082911214231636,-0.00785469723450585
-0.833000785191862,0.0483150313032979,-0.0468566379911339
-0.549156841281838,-0.628009936966617,0.0134737205118378
-0.833015794598186,0.0483263950939497,-0.0468534118889236
-0.833011748703566,0.0483240121034797,-0.0468541073830395
-0.833008821422559,0.0483224751796234,-0.04685461139546
-1.8190567365499,0.0145598604789123,-0.0073963141646285
-1.02424963811047,0.0565403950596607,-0.00570402627282542
-1.06419459257481,0.0480102667462914,-0.00536768291600923
-1.06702454094925,0.116022525667414,-0.00987151005749155
-1.06701803833011,0.116024925403804,-0.00987162222114047
-1.06710280718496,0.116030992081719,-0.00987245819872568
-1.06710157449048,0.11603107935671,-0.00987245581031156
-1.06168555438246,-0.314732397983707,0.0165825075560197
-1.06375191427493,-0.150889495697289,0.0065202047269886
-1.06710730521238,0.116028715063164,-0.00987234804343917
-1.05429345843363,-0.90125438964502,0.0526034898398261
-1.05429363039936,-0.901239783567512,0.0526025888067996
-1.05429357375913,-0.901244633565403,0.0526028879571488
-1.05428139050478,-0.899445465588743,0.0524921871337987
-2.09117030053528,-0.0139694153514413,-0.00726648247747468
-0.862937141119928,-0.00381963195642424,-0.0026050343518899
-1.05425838491906,-0.897377709867179,0.0523650431889377
-1.05429439818986,-0.900667506584148,0.0525673361021776
-1.05429896931122,-0.901223995088762,0.052601569857924
-1.05430157064592,-0.901486856639565,0.0526177361841589
-1.05426778329487,-0.898091372295001,0.0524089115813408
-1.05421888182165,-0.894247859759409,0.0521726505258802
-2.15382319695319,-0.0236184016557475,-0.00710008114733646
-1.05422161296593,-0.894336798982564,0.052178095695089
-1.054222167165,-0.894318091195542,0.0521769367447817
-1.05422251863687,-0.894340340450927,0.0521783017491557
-1.05422189816469,-0.89433716573397,0.0521781131378236
-1.86748192639679,0.0107584454490939,-0.00742971920944875
-1.05423398540843,-0.895318937005386,0.0522384675795755
-1.92313598823963,0.006278365316924,-0.00746355659080373
-1.05424646097657,-0.896360066053544,0.0523024745157871
-1.04310255064873,-0.636501124019171,0.0364093577095257
-0.274375825286234,0.0187779174873288,-0.00167280502692065
-0.0887613391739506,0.00606957927071783,-0.000541045221341637
-0.561097808001656,0.0384061033143191,-0.00342106172903159
-0.99485900638071,0.0392523375232289,-0.00485847747687006
-1.02395676922757,0.0701376777503745,-0.00625138179064692
-1.02410110260688,0.0701156882879331,-0.00624646920957591
-1.02226086989783,0.0703862452106027,-0.00631032644516332
-1.02422874944853,0.0700963356013032,-0.00624213548967811
-1.02085493033839,0.0705909988986068,-0.00635931485930908
-1.02350217967178,0.0702046953837128,-0.00626714991239145
0.778060274613963,0.0983860016399326,-0.000927601538980809
-0.998336262649123,0.0292326793781418,-0.00425777648084894
-2.09934311935709,-0.0151772071499708,-0.00724688519991749
-2.10046400373854,-0.0153474937095331,-0.007244003915441
-1.86390827342491,-0.0364757329226041,-0.00562452503587198
-0.998407171112879,0.0290270673771305,-0.0042454503678064
-2.26791343993079,0.929619083024629,-0.0705506846008322
-2.30251014959421,0.930020334084702,-0.0707990470236211
-2.31191722486623,0.930147212958556,-0.0708677185268044
-2.28782997338781,0.929847621653986,-0.0706935033154129
-2.27129287038294,0.92962941319638,-0.0705731053850498
-1.81762737865069,0.923019929815695,-0.0672299178972594
-1.66925912162362,0.920436273319836,-0.0661097916694057
-2.04674269844172,0.926347449961458,-0.0689178276415869
-0.960725742052442,0.454622080822735,-0.0332940522581141
-1.80113505799174,0.922614532827996,-0.0670980189855221
-1.92835193924337,0.924734375680423,-0.0680523746944617
-2.20918381229218,0.928816677925402,-0.0701213364154174
-0.834368745518583,0.174558737650374,-0.00816620019398345
-3.33689243900572e-07,5.13454309507547e-08,4.07218713212057e-07
3.07752186800485e-05,1.01860853955842e-05,2.35455498078036e-06
-1.06305409086144e-07,-6.53939242090218e-08,3.19072323454336e-08
-1.42802256616448e-09,-4.86808756435362e-10,-5.97058695598946e-11
-1.49759913101417e-09,-5.10527041251154e-10,-6.26148606958067e-11
-1.42423916377875e-09,-4.85518976367693e-10,-5.95476815449292e-11
-1.52450179182692e-09,-5.19698198940852e-10,-6.37396761992534e-11
-2.1896306497061e-07,2.85369844999344e-07,9.16742079480137e-08
-1.42894933410065e-09,-4.87124576561657e-10,-5.9744605498388e-11
-1.42186054313203e-09,-4.8470808412267e-10,-5.94482281611052e-11
-1.42587229917768e-09,-4.86075667306582e-10,-5.96159591004873e-11
-1.42515872515017e-09,-4.85832439975088e-10,-5.95861274741295e-11
-1.42412705723002e-09,-4.8548078801705e-10,-5.95429963851611e-11
-4.20480208872172e-08,-1.75326280646695e-08,5.33696928318302e-10
-1.50567717203765e-09,-5.13280890732644e-10,-6.29526109416934e-11
-1.8983004758308e-08,-7.63318445466676e-09,2.64559782201958e-08
-0.00243151713984277,-0.000124779164064303,-4.72438772185962e-06
-1.50319539834886e-09,-5.12434843842822e-10,-6.28488456580823e-11
-1.52788944164548e-09,-5.20853016058391e-10,-6.38813129556273e-11
2.768380056364e-07,2.41955062265204e-08,-3.99746564647583e-08
-1.50944664746638e-09,-5.14566012664602e-10,-6.31102275575929e-11
7.42825458051225e-07,2.20185757497943e-06,-7.7640989750785e-08
-1.44879506697585e-09,-4.93890007497818e-10,-6.05743660862934e-11
-4.29686454994086e-07,-2.52171504163877e-07,1.17271167261726e-07
-1.45117309567778e-09,-4.94700664821843e-10,-6.06737929378062e-11
8.66526585753008e-07,1.65192572012397e-06,-2.19538409269987e-07
-1.40457136081302e-09,-4.78814266086329e-10,-5.87253647977724e-11
-0.896782662770736,0.403449644242256,-0.0145444923378044
-1.05212706703436,0.0591716346290316,-0.0071865500105733
-1.06043953758058,-0.615902511175698,-0.0283942763166397
-1.03063083509839,-0.477903363865208,-0.0323686610190757
-0.967626416764887,-0.264366523243316,-0.0421432578314775
-1.12259271133817,-0.88691258110004,-0.0201616918951618
-1.12248039756623,-0.887486339490443,-0.0202467784501126
-2.34785513733663,0.0612025938018306,-0.578085014885417
-1.59215086280153,0.0514316289164129,-0.240960263999409
-2.02999275945226,0.0575799106006083,-0.437165414680266
-2.35262470359711,0.0613245288940911,-0.580333597567486
-2.4444935315291,0.0637193317754505,-0.623490263560704
-2.40517205923854,0.0626959912818916,-0.605017480239667
-2.0531340138895,-0.00418707503692642,-0.00754241956769168
-0.934171207180649,-0.485706038433841,0.0274444127518759
-1.00511094463974,-0.727314828249451,0.0420685432120146
-0.987241997069596,-0.6665022415094,0.0383876681470046
-1.02652350614434,0.050495032025276,-0.00562918872502577
-1.02651056292731,0.0504983259460004,-0.00562929157710794
-1.02651766776507,0.0504967813317458,-0.00562925234906864
-1.02643615212383,0.0505175982179749,-0.00562990461650178
-1.0264663240532,0.0505093710848872,-0.00562962932937243
-1.02651291332741,0.0504975846172251,-0.00562926358257996
-0.738487368934806,-0.0220943497667947,-0.000406422810863378
-1.02092542784388,-0.0332511378433695,-0.000394689969566963
-1.01203892890269,0.0146346218820054,-0.00358601057734895
-0.994288351233099,0.850056238106222,-0.0545206414257918
-0.994240997558745,0.851435658585698,-0.0546050188886714
-0.992261207981872,0.0365996199851149,-0.00488302707947182
-0.994292188509337,0.849936119344782,-0.0545132931631355
-0.995333844483499,0.0306679970502627,-0.00445070097329927
-0.994241843253785,0.85140238564241,-0.0546029826189125
0.592819457899501,0.0749799118580249,-0.000707404699655163
0.000117530144141481,9.53036693758554e-06,5.57359973824096e-08
-1.46065551006195e-09,-4.97933167326085e-10,-6.10702499565689e-11
-2.30174169919596e-07,1.20709801601508e-08,-1.0013176691227e-09
-1.75508709323964e-06,3.34338653360209e-07,-3.34083346274335e-08
-1.51382228038632e-09,-5.1605753937015e-10,-6.32931602887486e-11
3.63254084044154e-09,1.57535251076099e-10,1.71654893650403e-10
2.55350627210337e-05,2.06998345417653e-06,1.22161448852938e-08
2.41743112399092e-05,1.95987017108761e-06,1.20027697175426e-08
3.21817351105312e-06,2.92964286348776e-07,8.06461861553263e-10
-1.39621259507368e-09,-4.75964854643225e-10,-5.83758925401223e-11
-9.55442781699226e-06,-1.23827169065903e-07,-4.85611378374838e-08
-1.28981173891317e-07,1.97819499028267e-07,-1.43630447709261e-08
8.00092510831607e-08,-1.9489165887336e-08,2.25343020600974e-09
1.2066559076279e-08,1.54183705575491e-10,1.13616249810781e-09
-0.214262210916864,0.176456540131911,-0.00906895752003579
-0.766823892174901,0.0173404447791727,-0.0029255855181319
0.329104196847649,0.143124788378964,-0.00374256784729507
0.329287567175995,0.143129169751071,-0.00374190523377116
-1.00309814101516,0.0456075820611466,-0.00528128102397902
-1.01190732901534,0.0868331039026424,-0.00782837955718747
-1.01190727838713,0.086835609491002,-0.00782853381209968
-1.01190730793644,0.086834159016469,-0.00782844436834983
-1.01190721323581,0.0868381788942633,-0.00782869190260057
-1.01190697229752,0.0868473041911245,-0.00782925483045124
-0.925689223370093,0.0508369746830531,-0.00537810168060508
-1.01190726812132,0.0868361505257029,-0.00782856680815559
-1.01190699192776,0.0868528741853697,-0.00782960030546779
-1.01190696021664,0.0868528592757699,-0.00782959925483851
-0.700660894859071,0.057315549699342,-0.00408675040591862
-1.01190699081368,0.0868531323329844,-0.00782961641095271
-1.01190697033993,0.0868525341932417,-0.00782957903337778
-0.99917984498685,0.0978083039633222,-0.00845478707952378
-1.0119068780646,0.0868514048467695,-0.007829508197244
-0.866791317812683,0.0623672095436172,-0.00595361388575525
-1.85760996173092,0.0114581856410908,-0.00741987188572926
-0.378182676401401,0.0049889879269791,-0.00121479003074134
-0.274289179883188,0.00385222018029443,-0.000894892228165892
-1.09760741164616,0.0408883137043338,-0.00508722785938184
-0.470306773170942,0.0175219074996884,-0.00217993013076272
-0.383477152827497,0.0142894858976782,-0.00177763587530847
-1.00783955241697,0.207031762186387,-0.0151737482809198
-1.01575013799084,0.266314250216424,-0.0188520400700444
-1.00196291397364,0.109793618692761,-0.00920399868829901
-1.05429571044467,-0.900815212614126,0.0525764216252022
-1.00278972397441,0.249431622611568,-0.0177610194224781
-1.00537312497394,0.229209947757862,-0.0165274389674431
-0.993526337846311,0.872049908705895,-0.0558659685332971
-0.999768575568892,0.0251103394630645,-0.00401074216408129
-0.993547345202687,0.871424711656811,-0.0558277194214804
-0.993758772006323,0.865301619134245,-0.0554531745651014
-0.999782955812455,0.0251692778935105,-0.00401484263344821
-0.993570232638679,0.870738487665402,-0.0557857396497512
-0.993592931068123,0.870062287117559,-0.0557443748814979
-0.523174845217973,0.0280152410289111,-0.00300695148784717
-0.999779693417428,0.0251562079166117,-0.00401392865518451
-0.993640057515788,0.868723287540474,-0.0556624736158427
-0.993585931306426,0.870299505824103,-0.0557588920335128
-0.999783632746792,0.0251723212182053,-0.00401504539112116
-0.993551819014603,0.871314741054405,-0.0558210009357879
-0.999784522711767,0.0251757721593199,-0.004015280846781
-0.999784872470887,0.0251774452033862,-0.00401539209584358
-0.999775475939871,0.0251383230430008,-0.00401268454919452
-1.00288736430409,0.487282943769493,-0.032333694029329
-0.999777064517861,0.0251446753258773,-0.00401313313220121
-0.999776361868065,0.0251419060615989,-0.00401293519644073
-1.03125881268342,0.25037337006111,-0.0179432384207856
-1.00417239933223,0.375375846129742,-0.0254801222087581
-0.999769220695856,0.0251122682427345,-0.00401087924513381
-0.99977523636963,0.0251368308011054,-0.00401258904775577
-0.999781092174064,0.0251610165379771,-0.0040142637780908
-0.99977402407864,0.0251318512792466,-0.00401224046097051
-0.999775690240103,0.0251384634972656,-0.00401270335240004
-1.01191202637772,0.0930915148633564,-0.0082042496163273
-1.95464759758335,0.00370388903316312,-0.00748124971395259
-1.92602157366599,0.00597403630022665,-0.00746244616305405
-1.05422176368557,-0.894339880624004,0.0521782815961285
-1.00935066346574,0.207121488827342,-0.015184028339283
-1.04896266446972,0.0767363318324693,-0.0069361738543571
-1.18597465497807,-0.0295806803841301,-0.00101696777922321
-2.1049819625052,-0.0160365379781776,-0.00723228174871099
-1.13619211790455,0.00539808379067282,-0.00307259934620013
-0.825886542090123,0.00825070938267576,-0.00249653086270453
-0.618363446566991,0.00816890557810707,-0.00198696833075241
-1.73019232096113,0.0217182100097439,-0.00734241393149686
-1.59637806003093,0.465883337330491,-0.0360985917212872
-0.506742335647907,0.120492506887613,-0.00698924054481831
-0.740612183789751,0.117172708627304,-0.00809641187595388
-0.996362605775491,0.489191481922167,-0.0324247434007294
-0.993721249143664,0.866420434914848,-0.0555216177805299
-0.999757706489851,0.0250661815776893,-0.00400766226377363
-0.999757809277551,0.0250670940880161,-0.00400772226786322
-0.999757840623005,0.0250672065587308,-0.00400773144642121
-0.999758186117865,0.025069675556565,-0.00400789568928685
-0.999759122752403,0.0250745375885162,-0.00400822813812747
-2.23181170580466,-0.0356996771238742,-0.00688975530521362
-1.00362136886268,0.0461243346710721,-0.00531131456633213
-0.999762328576947,0.0250869625579411,-0.00400909831136354
-0.64451456906301,0.0360041418612194,-0.00379453010079808
-0.640093382086785,0.0330752363001775,-0.00360415224060623
-0.488823108293716,0.0128616318202055,-0.00196618539704763
-0.993624549501779,0.869188018621305,-0.0556909026121504
1.43023242669994,0.180897810429583,-0.00170674698890152
1.35354236214764,0.171183627711032,-0.00161470570479175
-1.45106331584068,0.0124433878645222,-0.00549453982188251
-1.27952176026688,-0.0952868191686355,0.00284414471494208
-1.06060933496879,-0.392186794509467,0.0213392740596512
-0.312430796921059,0.584975858982356,-0.0371427871438683
-0.791523557884793,0.0975338510686799,-0.00678303705931063
0.329428917670455,0.143132519454133,-0.00374139205337576
0.329291658301227,0.143129240337029,-0.00374188805125853
-1.02688999527988,-0.260578330445417,0.013418639234356
-0.996073358569298,0.0127167091407575,-0.00324913540353335
-0.996073394636995,0.0127140304451933,-0.00324897087237312
-0.996073385554547,0.0127147681169928,-0.0032490162146124
-0.99607337726735,0.0127153064660346,-0.00324904934118978
-0.996073403446289,0.0127133907987737,-0.00324893158951494
-0.996073411806342,0.0127127509844552,-0.0032488922056964
-0.996073379040752,0.0127152386264661,-0.00324904525373637
-0.996073402902241,0.0127133608393656,-0.00324892966777324
-2.06563032910927,-0.010348892835851,-0.00732066649201898
-1.92631604124712,0.00597390422834825,-0.00746333375258877
-1.005717678931,0.517474801955815,-0.0341776228383113
-1.02689462662024,-0.0989327572591226,0.00352593735523826
-1.01431424833382,0.267246640026393,-0.0188720128400628
-0.519377773013824,-0.157686048173635,0.00719834662039247
-1.01081951919897,0.0625633748648394,-0.00633756389167722
-0.994725709701875,0.837294553692962,-0.0537400333560112
-1.00079556585577,0.660744180542688,-0.0429409274171002
-0.998895340113496,0.716050729741993,-0.0463238508001946
-1.01328676436603,0.0606446895165705,-0.00622457984415034
-1.00715980655021,0.0654095130967229,-0.00650516270565332
-1.00715981177773,0.065409505725618,-0.00650516221605557
-1.00715980662454,0.0654095074114358,-0.00650516234299138
-1.00715981015516,0.0654095131326488,-0.00650516273833539
-0.996696488299225,0.78001002405515,-0.0502360701238964
-0.99516922852565,0.824412880777938,-0.0529520870963145
-0.994332231641693,0.848736877937835,-0.0544399336454316
-0.994064455095178,0.856503729774162,-0.0549150186616323
-0.998588482794802,0.724959255752377,-0.0468687771193269
-0.9980656051226,0.740195108784454,-0.0478006899723008
-1.3353426336297,0.0536625342564065,-0.00710930506732581
-1.59240567183435,0.0328687338674585,-0.0072611668162884
-1.91187492751319,0.00716753256001436,-0.00745599017756718
-1.77588861816893,0.0180286326728737,-0.00736975586082575
-1.4060865039068,0.0408865850064185,-0.00686131506238659
8.79909243771118e-09,2.03193649382414e-09,7.91846991369623e-10
-1.46784812145898e-09,-5.00385179839503e-10,-6.13709827171329e-11
-2.94744701334985e-09,-5.42353867728031e-10,-1.63067278661836e-10
-1.12434487710424,0.0828334139278695,-0.00784925111486849
-0.502443070303694,0.214707631269224,-0.0157861943815266
-1.08106851417301,-0.038980055081805,-0.000827280012375087
-1.00487572253536,0.069588533810305,-0.00644114985628348
-0.984673777362552,0.0690213430689521,-0.00664404751441582
-0.98467459313559,0.0690207771301214,-0.0066440138167548
-0.984393082739649,0.0692354107712699,-0.00665513650323782
-0.98464304390078,0.0690446029761608,-0.00664529652236038
-0.984638544014502,0.0690480314457205,-0.00664547661184827
-0.984611258393293,0.0690688645519348,-0.00664655893524902
-2.06493670098606,-0.0851970409292556,-0.00467398230698756
-0.938560668351571,0.254249743342376,-0.0173729974415723
-0.99061918002347,0.0514161895658188,-0.00558737804813104
-0.984352952718323,0.0692658953689641,-0.00665669876888245
-0.984534247671743,0.0691276461639757,-0.00664959546820884
-0.984335306968138,0.0692793374420959,-0.00665738827119334
-0.98446920260125,0.0691772914361665,-0.00665215008640783
-0.987194358999851,0.0612588583106905,-0.00617729388547439
-0.988976523600038,0.0562055668416535,-0.00587460885005124
-0.984492257491578,0.0691597002636436,-0.00665123934168349
-0.996794358692616,0.0337136858150727,-0.00452643789947234
-0.992846264949775,0.0452136054877593,-0.00521618717130298
-0.984665235759151,0.0690276123216573,-0.00664440005696198
-0.984665016571498,0.0690277565641059,-0.00664440544262081
-0.931648880444518,0.00330590681306254,-0.00435579058284492
-1.37324103445624,-0.417406338896487,0.0190604683659298
-1.66970764318849,-0.228719548271929,0.000797054807728517
-1.00457472136893,-0.304968732230038,0.0139214563207925
-1.37369628576109,-0.41775408271663,0.0190789552654394
-1.37151611828629,-0.416128717250988,0.0189928507156449
-1.37177003814681,-0.416318825067327,0.0190029274397157
-1.37110862184419,-0.415824476021145,0.0189767303873863
-1.37160407287755,-0.4161946845752,0.0189963480615707
-1.37163077567546,-0.416215655566991,0.0189974672022303
-1.37234086708373,-0.416741559820212,0.0190253009692062
-1.37198320197225,-0.416476980214926,0.0190112999932464
-1.37199779052497,-0.416489592395267,0.0190119813395134
-1.37193714852104,-0.416443543547369,0.019009535417597
-1.29753656833998,-0.318419953629816,0.0137995370820772
-1.37331487562499,-0.417464263097944,0.0190635603922897
-1.37354638877601,-0.417636574156538,0.0190726878138205
0.487344939490022,0.881444059494543,-0.0519974729344401
-1.17114722744122,-0.160944094238166,0.00551303996220523
-1.37313858591474,-0.417340902871368,0.0190570865456927
-1.64455619522669,-0.21771260620514,0.000613294624339028
-1.7902267507155,-0.12043314586739,-0.0031750696716394
-1.78672223615295,-0.281177718243969,0.00152153975190355
-1.78728508929172,-0.281563623955379,0.00155159880237684
-1.81136209675629,-0.295794388356083,0.00254235844901608
-1.78758016568866,-0.281619362971825,0.00154874625131954
-0.180311516636226,0.528015524529829,-0.0360688357516008
-1.78795366592183,-0.281852867708704,0.0015656530061938
-1.78930301116705,-0.282680243470789,0.00162493717239143
-0.384178745447203,0.968614828108005,-0.0609629048543376
-0.994201848697107,0.0612631249007964,-0.00622455987125606
-1.13269455390494,-0.113646802434491,0.00301480783010653
-0.845416217034596,0.249162949115733,-0.0161501124302122
-0.845403706367626,0.24917299466806,-0.0161506522171627
-0.84541686237783,0.249164147803961,-0.0161501900388236
-0.845417464295908,0.249163730912764,-0.0161501679867917
-0.845433816531343,0.249152390775148,-0.0161495727088604
-1.12434220025049,0.082832767224122,-0.00784918891307134
-0.852412543466928,0.244230746919426,-0.0158906787936631
-0.845550684585777,0.249072320072362,-0.0161453798021507
-0.845575080004723,0.249055480674624,-0.0161444966627059
-0.845578591252299,0.249053329498919,-0.0161443862210516
-0.853986054109212,0.243121509513634,-0.0158323334183421
-0.856109916201511,0.241622303849065,-0.0157534593786642
0.180972953234541,0.905910578440164,-0.0536364921979958
-1.72256868695852,-0.252567571883769,0.00114863791297669
-1.78863142505493,-0.282393863060108,0.00161064155077043
-1.78583192293512,-0.28073082340404,0.00149467909971277
-1.12434138150322,0.0828316827689335,-0.00784910753096429
-1.25189391141245,-0.259147314001332,0.0106702077534255
-0.864027760225958,0.236040454478832,-0.0154598604344032
-0.862713443595286,0.236962119876256,-0.0155082949428637
-0.86000992802468,0.238871209018464,-0.0156087386924832
-0.864624786949816,0.23561916675525,-0.0154376978450998
-0.863901468506426,0.236127226973658,-0.0154644034416291
-1.29503342047618,-0.314685037017656,0.0136336724493241
-1.2762012244118,-0.287757235863583,0.0122111220484302
-1.16591207316344,-0.11970926520223,0.00346389407289794
-1.27588084712508,-0.287523080243131,0.0121987478433693
-1.23528085414336,-0.238085667590386,0.00958709615766161
-1.1243439027381,0.0828346826225468,-0.00784932919209928
-1.27421191979234,-0.286305181679246,0.0121343821285826
-1.12434401221965,0.0828348779015149,-0.00784934312921781
-1.2756680412263,-0.287366787053065,0.0121904755392177
-1.27504781275611,-0.28691474883868,0.0121665911300958
-1.56215211649416,-0.176565568129241,-0.000414671600949548
-1.51387103723516,-0.153155979080331,-0.000960215648111611
-2.31081624323796,0.930147439584228,-0.0708606412405895
-1.28785770259263,-0.30423698026529,0.0130817323174638
-1.2042883829214,0.607410475521808,-0.0436419241033942
-1.27554013356847,-0.287275796116043,0.0121856875973043
-1.47569224017427,-0.540095672057887,0.0253861487673436
-1.23765461997003,-0.238008610941347,0.00948833371573734
-0.862713666618581,0.236963182370597,-0.0155083614501371
-0.861542720675912,0.23778761003788,-0.0155517162016998
-0.741725768679448,0.488104937762744,-0.0329527968696868
-1.05939370733539,-0.012227837674574,-0.00239393320608409
-0.524506368176771,0.459512376378328,-0.0297660207399667
-1.00485810709231,0.0568473183625633,-0.00602920356947334
0.196312081333147,0.728565136005292,-0.0428280963163573
-1.12434222561078,0.0828326742697352,-0.00784918122129614
-1.06897812226731,-0.026036800431441,-0.00162652224988783
-1.57873039150015,-0.18722058160993,0.000187924885865057
-1.8100108462874,-0.29531165278922,0.00252694650217551
-1.8101435803947,-0.295350136922893,0.00252731953312611
-1.8111218992148,-0.295711945551871,0.00254004864751598
-1.81161426759551,-0.295886961386416,0.00254555189610648
-1.81157082963183,-0.29587242306514,0.00254518153118992
-0.903817993988814,-0.161023770905893,0.00849154785102791
-0.903517874394663,-0.161040811598986,0.00849456872111523
-0.901904960238298,-0.161127988375536,0.00851053229680553
-1.12434476547017,0.0828339098984596,-0.00784928283164716
-0.85039311506045,-0.141953501594426,0.00788800297817456
-3.11462938401839,-0.101054213511348,-0.0079447303478292
-0.850245831279145,-0.141960030277854,0.00788937212254372
-0.850333245593592,-0.141956223587704,0.00788856375915141
-0.850248904738153,-0.141959890384674,0.00788934338965832
-0.850308954318512,-0.141957077667593,0.00788877602226847
-0.850263007747932,-0.141959303053751,0.00788921456969885
-1.40322116164317,0.271095557139302,-0.0127710484296213
-1.28314266830039,0.0974292194621671,-0.00736070946102556
-1.42759435320331,0.915529934235516,-0.0642408378433292
-1.34156619948627,0.91307005478221,-0.0635302449518401
-1.275255376575,-0.287067178795158,0.0121746551758513
1.43801546370922,0.188281203656613,-0.0019141393623009
1.43998553172183,0.189459643446329,-0.00194473478071686
1.42934892152622,0.189167855731063,-0.00197032183990037
1.43147462599058,0.189239205989999,-0.00196565132923004
1.43147802217455,0.189236437012803,-0.00196554595446112
-1.00694488152092,0.0744250801632588,-0.00713776235268292
0.315059685984133,0.752111089329624,-0.0434053361465975
-1.18562930661287,-0.170196426644116,0.00609738947063164
-1.00643937577735,0.0745810597460348,-0.00716887629829955
-1.00415710129935,0.0753065806112612,-0.00731063424481141
-1.00458132672765,0.0751716087830385,-0.00728382348192451
-1.00404104013698,0.0753437209930252,-0.00731749491638592
-1.00397835577872,0.0753644719709772,-0.00732213644361202
-0.850307576559459,0.0864615686493056,-0.00657985246043056
-1.00406030728497,0.0753385856095304,-0.00731704579185471
-1.00402556017472,0.075346872092651,-0.00731801650928556
-0.850289206981291,0.0864653014337469,-0.00657994442580108
-0.749404985607536,-0.00235820681178308,-0.0017006647909998
-0.670460229263817,0.00621999564521966,-0.0020324665303517
-0.850296923510106,0.0864638010922889,-0.00657990871538268
-1.6344235098475,-0.2145892013585,0.000605760703588006
-1.00997624879178,0.0734705950202763,-0.00695022468106521
-1.48933743094818,-0.153665343321668,-0.000988924822816986
-1.12434076043734,0.0828310610295043,-0.00784905935504541
-1.12526698655567,-0.0954920938552994,0.00198809024482594
-1.78626766807123,-0.281046279363217,0.00152050120919951
-1.78533374389399,-0.280439789717385,0.00147476716378978
0.990277480591589,1.13844803388944,-0.0641724306178635
0.977555938617282,1.13723054097664,-0.0640494127117836
0.693260929086869,1.04647898780734,-0.059063379387482
0.712318955623264,1.0608814549608,-0.0598262011729051
-0.654102293335614,0.602070362003876,-0.0400495601171266
0.698630959447717,1.05045432991301,-0.0592724664332904
-0.804989219872854,0.215537235017249,-0.0171053608176486
-1.65193053998363,-0.222195398291695,0.000576883190525172
-0.598291999914493,0.316987317103243,-0.0262738580015562
-0.902224618310736,0.163924058430313,-0.0191615078844957
0.823312772250683,1.04399787895107,-0.0599073629459306
0.540973454727519,0.892014431993745,-0.0529637727284392
-1.79201852437875,-0.284394504169918,0.00175048947113812
-1.80039857573322,-0.289432817717028,0.00210615485938658
-0.171481978866687,0.532212325148571,-0.0362675646961252
0.269500394624687,0.754970560685332,-0.046604710856248
0.663761362148628,0.955077130991773,-0.055877703569978
0.655575100102894,0.950622052669351,-0.055674133832603
-0.903621541803392,-0.161030235364489,0.00849323514803419
-0.60682241730328,0.587552122365484,-0.0315582367038389
-1.03506363435141,0.400868959549458,-0.028557615958512
-0.877394121257535,-0.151736431024131,0.00820050520122115
-0.903221428550819,-0.161057194570324,0.00849752505836473
-0.903841110673578,-0.161016092364691,0.00849092139975205
-0.868640964068078,0.876098268432118,-0.0581112420991403
-0.940814811079097,0.903069675448814,-0.060312586758204
-3.94960792426533,-0.162737311869819,-0.00894689238315871
-0.122738880650437,0.102420936454323,-0.00383297979468032
0.324629252630355,0.198298819214106,-0.00516702502197947
0.879607108988959,0.317234901574733,-0.00682241133742445
1.16976810135585,0.379419203847028,-0.00768793039005537
1.12592185610997,0.370022780561168,-0.00755713343851969
-1.03468943697265,0.0679046765163575,-0.00534413565128764
-0.0937024764153436,0.639368821472804,-0.0392393713764145
0.165407586426305,0.749005179889116,-0.0449595593462671
0.597273013406781,0.921174677882155,-0.041120367332816
0.473826467307366,0.711905475270285,-0.0400124162082797
-1.38670844927882,-0.110640689409636,-0.00203019087028706
-0.737423902064192,-0.277398944383574,0.0154348636680539
-0.591517178295262,-0.0892673875285353,0.00965453253157096
-0.604058965893402,0.0728191711038115,-0.00475209295708358
-1.25344046277528,0.0260458650247038,-0.00496630736871354
-1.23201999696745,0.197058376720461,0.431071654249019
-0.874142930926717,0.224878373843546,0.0211960874717797
-0.30502190211292,0.0195885550688772,-0.00182795285271478
-0.218201652594756,0.0140098412136766,-0.00131052145910944
5.02120645590934e-05,2.14785323478336e-05,-9.55427755449239e-07
-0.533784214864183,0.0332751345384002,-0.0583343745281105
-0.599956159877956,0.0385554791580681,-0.00358832417904494
-1.85457979480841,0.276164559562422,-0.0142796168585206
-1.05949072772623,0.0598211795148223,-0.00750609719160717
-1.05950108586048,0.059816876173634,-0.00750601045264971
-0.175271876998349,0.398493919284156,0.0408531527136042
-0.184968929715378,0.0061964266068835,0.0222658061739124
-1.15197337194453,-0.0661116452702147,-0.00198299193825864
-0.710017573959792,0.0442379358965714,-0.0771782775221999
-0.728932080011802,0.0454149721467983,-0.07931942215506
-0.777982780075547,0.0484645697250699,-0.0849321709016131
-0.699810822799393,0.043598117220075,-0.0761142605496772
-0.625850446102232,0.0389842426014683,-0.0683055582653276
-0.92213714566259,0.0564260856382841,-0.0649934226393791
1.61257748456982e-06,8.48206785158972e-06,-3.23755419627548e-07
-0.739512441353161,0.0460705711742894,-0.0805731847419372
-0.897372324409002,0.0559113855984196,-0.0980208017010963
-1.07230528017298,0.066104886217472,-0.00669979270302261
-0.797183151843961,0.0443851437275201,-0.00528241264612386
-0.4845332574427,0.0263260148283304,-0.0032931170983354
-0.575383111459514,0.0354709476197531,-0.00359505741323757
-1.07230553970707,0.0661047454757892,-0.00669980210301519
-1.07230550641617,0.0661047634782741,-0.00669980113314532
-1.07230528944542,0.0661048822482359,-0.00669979334055286
-1.07230528609492,0.0661048787829783,-0.00669979331445125
-1.07230528292883,0.066104880991441,-0.00669979329144436
-0.664493155514093,-0.0275825533630767,-0.00149879277598771
-1.0723052937406,0.0661048805357812,-0.00669979384537558
-1.07230542577287,0.066104809139908,-0.00669979788791575
-0.292611551669502,-0.012138389798331,-0.000660239377196646
-1.07230540098145,0.0661048225736047,-0.00669979782353982
-0.432445584581317,0.0178290890988162,0.0526851936225524
-1.05954223505378,0.0597996556066949,-0.00750568168704893
-1.05953158936086,0.059804129217747,-0.00750576428597922
-0.255393903111916,0.0107025455355615,0.0312019440959403
-0.165293477317947,0.00699146405201048,0.0202288706133966
-0.169684093160175,0.00717861045852103,0.0207664210341776
-1.50522153566025e-09,-5.13125612628013e-10,-6.29335666298738e-11
3.5909114589617e-06,2.26392785281798e-06,-9.74957783242096e-07
3.47717503652005e-06,2.32548077875264e-06,-9.48904901192013e-07
2.89943115152562e-06,2.32993453146969e-06,-7.84895776500569e-07
1.44876637260503e-06,-2.26818260454433e-07,-1.77793941962628e-06
6.51306872092445e-07,3.79821568805336e-07,-1.73968603286507e-07
-3.50862231618154e-07,-2.16760131319071e-07,1.06465690008671e-07
-1.4434944037208e-09,-4.92082941536327e-10,-6.0352736176074e-11
-1.48515398034524e-09,-5.06284610064407e-10,-6.20945351284897e-11
-1.46256208794123e-09,-4.98583070120424e-10,-6.11499604234542e-11
-1.52683527488721e-09,-5.20493693056348e-10,-6.38372410733148e-11
-1.42804225686848e-09,-4.86815341917755e-10,-5.97066777734635e-11
-1.51137752210184e-09,-5.15224049849739e-10,-6.31909371491524e-11
-1.44278876956887e-09,-4.91842479957794e-10,-6.03232437113325e-11
-1.40980935354643e-09,-4.80599883857801e-10,-5.89443661276028e-11
-1.40230737303816e-09,-4.78042536017108e-10,-5.86307150854643e-11
-1.49356273120086e-09,-5.09151197536134e-10,-6.24461143704772e-11
-2.03269687649818e-07,-8.54979402436572e-08,2.59918949997063e-09
-1.4437291492569e-09,-4.92163054497018e-10,-6.03625599264887e-11
-3.72997861682404e-08,-1.50959528089744e-08,5.42694768489162e-08
-0.537499768997504,0.0313498499371795,0.00020228319260645
0.115247390230266,0.452222372218758,-0.0128433111531442
-0.551095518819669,0.0223266561949454,0.0665147230927
-1.12418328628601,0.082886851011033,-0.00785297521106695
-0.689791858661091,0.0273734891802275,0.082600895544459
-0.541032403365021,0.018126186911301,0.065126803132816
-0.842575508822684,0.0307862448428794,0.0959396383562518
-0.81986614772186,0.0298942737030435,0.103733793738643
-0.869899233594642,0.0291355146163617,0.0963362884907087
-0.421523103219,0.245480894321769,0.0651504501623479
-0.199019952109764,0.38090236500052,0.0443315406805964
-0.192407680931184,0.384960483573083,0.0437011999308957
-0.0454301172786421,0.478260555453616,0.0284090509705412
-2.04221700522326,0.542508796093664,-0.0226628319731758
-0.304343939242365,0.316512587088312,0.0542981222659636
-2.05020668503815,0.540342820292847,-0.0226263504140947
-0.813144851283886,0.0485387330519916,-0.00313467429239194
-1.0377713252387,0.0636808018527293,-0.0122177069593529
-1.03777052827415,0.0636808897361638,-0.0122179292555386
-1.03777078071143,0.0636808754963719,-0.0122178601583631
-3.93298579808719,-0.161865772235143,-0.00891532583796286
-1.03777071227338,0.0636808684253963,-0.0122178751326272
-1.03777084716303,0.0636808375485358,-0.0122178394211834
-3.90517825604125,-0.160578861231807,-0.00885693332995402
-1.03777038129336,0.0636808491357781,-0.0122179658264697
-1.03777044075573,0.0636808401102438,-0.0122179485104611
-3.91017701471778,-0.160130830968588,-0.00888956867328839
-1.03777051710068,0.0636807722054732,-0.0122179255867802
-3.52867186521399,-0.131889636504411,-0.00843355279661167
-2.05712846097744,0.539437410507942,-0.0226214097581915
-1.05951733038833,0.0598100754804623,-0.00750587933887904
-1.44551333503869e-09,-4.92771315546634e-10,-6.04371627980292e-11
-1.02166601558815,0.0564442028246993,-0.005829031763078
-1.02198643307253,0.0564768362169989,-0.00584467472066386
-0.569628625581122,0.0321239857643014,0.00671218398530738
-1.0595426446291,0.0597994855906781,-0.00750567754788701
-2.05525268838574,0.539539597029201,-0.0226187956703526
-0.387080446052315,-0.753545685457083,0.0173564720322585
-1.20380589855061,0.0750474529740541,-0.131546820663442
-0.872046423574822,0.0252556204055916,0.100657266409365
-1.20376487566516,0.0750607994671905,-0.131596782036418
-1.20377050620827,0.0750491843889512,-0.13158992686832
-1.20380498995436,0.0750436658380503,-0.131547935290135
-1.20380868081738,0.0750225006917166,-0.131543449664944
-1.20382143916747,0.0750106807061771,-0.131527917162237
2.88823796649227e-07,1.36355114700647e-06,6.27660797841228e-09
-1.203809849502,0.0750140581567341,-0.1315420299853
-0.585739363043215,0.278808064363858,-0.00990920361411266
-0.136859533446353,0.528398599852474,-0.0154278745617084
-1.25033352920606,0.0194290410807745,-0.00624853602128112
-1.25033582239426,0.0194283518679864,-0.00624851723839798
-0.776880336067551,0.0120558390864857,-0.00388179265008785
-0.701695873443282,0.0300960093958275,0.00126029462348374
2.73945444667001e-08,1.41406607724461e-08,-7.79379288054432e-10
-1.46564770950708e-09,-4.99635025896222e-10,-6.12789798021152e-11
2.29490456758197e-08,1.46608334216472e-09,1.68311413932829e-09
-1.43014492597418e-09,-4.87532161198304e-10,-5.97945950410122e-11
-0.000200874860365013,0.000210385672840785,0.000350833386038756
-1.41473541610091e-09,-4.8227910968259e-10,-5.91503194403146e-11
5.76175841039147e-07,-2.03880057126078e-07,-7.03736191939727e-07
-7.16917986413152e-06,-1.97970062047153e-06,4.02419664952087e-08
-2.06553884098484e-05,7.84609737334525e-06,2.5163362513199e-05
-0.964014466578462,0.0804700976629463,-0.0067816409979306
-0.635190313461695,0.22626576303524,-0.00983989118739796
-0.355617043550108,0.348688858647185,-0.0174409705996387
-0.303473435473173,0.371521912399215,-0.0188579278251244
-0.200022596179693,0.41682281802484,-0.0216717749758779
-1.00928201235978,-0.156659547125628,-0.614899546736118
-1.00939250996268,-0.156593266540532,-0.61476405199905
-1.00958473401393,-0.156477954886256,-0.614528325222922
-1.00940193277938,-0.156587611975144,-0.614752496347354
-1.00946032538937,-0.156552583965822,-0.614680888684488
-1.00934216327928,-0.156623467446404,-0.614825793138132
-1.00971538316429,-0.156399586027762,-0.614368113282759
-0.681150461185053,0.120698237409043,0.237683228841267
-0.784077258551889,0.123962164789456,0.31748986635269
-1.04999007720644,0.0447450515363231,0.00177379246785901
-0.992389629204114,0.0452331123535618,-0.00585300397475102
-0.946486234963465,0.362151082252672,0.628875688653447
-0.810681786653051,0.212889028914966,0.408205898617028
-1.21485210420716,0.0868173257301633,0.612558457023451
-1.23063604682249,0.144275556022929,0.67023917472616
-1.21748339178869,0.0952206808660058,0.621359588367062
-1.0361482638643,0.0432282434954677,0.000686526606555297
-1.05393161287143,0.0426540067011104,0.00109433372251205
-1.05388787273165,0.0426763542642094,0.00109877266847805
-1.05375529742122,0.0427444453192972,0.00111341589524706
-1.05356789542423,0.0428414472793707,0.00113767692063737
-1.05370296179222,0.0427712666659023,0.00111987706978658
-1.05296006052819,0.0431563601308833,0.00122631526326514
-1.05269204322578,0.0432956778486063,0.00126629861647905
-1.05224395843766,0.0435292235921068,0.00133417401671051
-1.05161950289715,0.0438596230445001,0.0014418593470025
-1.05083659743856,0.0442809154960941,0.00159295265684124
-1.05040917505531,0.0445142342727502,0.001682634449462
-1.04952090197901,0.0450024480819771,0.00187471385047945
-1.04951824364263,0.0450041580053726,0.00187546470125848
-1.05029494315518,0.044576146733807,0.00170327698606504
-1.04952095017312,0.0450031072776717,0.00187581487463748
-1.04985240648202,0.0448208159638234,0.00180442469793842
-1.0495091043528,0.0450117075896545,0.00187955618049984
-1.04950478486825,0.0450131625623048,0.00187893315915196
0.265620151443116,0.399212402762825,-0.0222326208766129
-0.172602838088845,-0.0259003631364182,-0.102993814741532
-0.176969271376726,-0.0265411906802808,-0.1055632764389
-1.05169021322858,0.0438048414354298,0.00124846876206826
-1.05132184178834,0.043997656386966,0.00131390186870174
-1.05087262814972,0.0442425672428044,0.00145965337745344
-0.390364048762152,0.278638743982823,0.223718784358468
-1.01217833301367,0.0197614894443885,-0.00517879651674751
-1.01459699756562,0.0269680308587642,-0.00540605352927639
-1.25028796671676,0.0194398723740537,-0.00624861921404985
-1.00561157591806,0.0179792024751853,-0.00509562268453045
-1.04574173670109,0.0438541633744445,0.00125725964080864
-1.24457345051336,0.251522317288323,0.765673459154419
-1.25415865014674,0.307441559321612,0.81722688857544
-0.529374203104736,-0.643683563719095,0.013956813638474
-1.00575023261003,0.0614231767544631,-0.00614044344924196
-1.0057502749691,0.0614232893734339,-0.00614049669931694
-1.00574383550914,0.0614036714411356,-0.00613127815116363
-1.00574407896004,0.0614043702663322,-0.00613160622606694
-1.00574463062893,0.0614059510362328,-0.00613235043050352
-0.556751278225483,0.039374246016837,-0.00378658059932894
-1.00574586266705,0.0614095035049664,-0.00613401951975182
-1.00755865757659,0.0620716517640944,-0.00630252352096695
-1.0057474418679,0.0614142016783093,-0.00613622632640148
-1.00575014315144,0.0614228996020145,-0.00614031101363147
-1.00574996531012,0.0614220787043416,-0.00613992543249793
-1.00574990666937,0.0614223826921214,-0.0061400656819417
-1.00574960989876,0.0614207559746571,-0.00613930474955333
-0.519771581114667,-0.651242528055063,0.0141900261903443
-1.00652936765373,0.0617025998775177,-0.00621029314037686
-1.15741825591952,0.468072950106352,-0.0173410207944259
-1.02772026302785,0.0570727691753346,-0.00612589591649803
-0.748081956949496,0.177999135455518,0.00992610671461916
-0.412466570786959,-0.120456900780622,0.0193537701444905
-0.815042163777357,-0.546864187935055,-0.0027401342196152
-0.979149073399072,-0.137288844311034,-0.0371372079913829
-0.526154118823742,-0.645759261834832,0.0140230324064667
-0.432681936355518,-0.718591541651307,0.0162735947335775
-0.877634712188578,0.39909732102561,-0.0492577843306714
-0.878034910889128,0.257374812894477,-0.00103421376640164
-0.407312920055484,0.185699213177331,-0.0228847933293312
-0.891141843332028,0.0212097565338613,0.110553308052096
-0.877602089124294,0.399193470291766,-0.0492614616001597
-0.877334880303631,0.399971402363774,-0.0492920114625426
-0.8772694959784,0.400161416004417,-0.0492994984060923
-0.8772831610035,0.400123005528582,-0.0492980686368686
-0.877335415412692,0.399969365285412,-0.0492919566094187
-0.877306674555604,0.400053354532701,-0.0492952664800152
-0.877270904532935,0.400157571206595,-0.0492993628214278
-0.963981829070641,0.0804815209925593,-0.00678207375900942
-0.963975066683197,0.0804838877443764,-0.00678216347686613
-0.96397086683872,0.0804853576620725,-0.00678221910570965
-0.96398133864097,0.0804816926802928,-0.00678208025312623
-2.05718476531334,0.539563237158617,-0.0226251172481738
-0.890850831682175,0.0213674347847523,0.110509317538348
-0.857450242910879,0.0260772162430837,0.10726328381878
-0.864154064538661,0.0253018007157415,0.10794138280902
-1.12410966520235,0.0829112365709707,-0.00785469940869262
-0.890863239344922,0.0214194272048098,0.110451487598817
-0.890216718418645,0.0216624169701855,0.110465585098789
-0.890262734834211,0.0216408328265075,0.110469277248798
-1.12415105568714,0.0828977047035189,-0.00785373857711059
-0.890688882194107,0.0213530732203537,0.110602134554107
-0.891203117755179,0.021218975785891,0.110519647831922
-0.890232949775048,0.0216535477787732,0.110468296927086
-0.890222025883647,0.0216599141774395,0.110466425830446
-0.890966538716628,0.0212495158888027,0.110580136221622
-0.890593907942826,0.0214869468933121,0.110494803906941
-0.891066971419416,0.0212544014583072,0.110532213014962
-0.891295832615116,0.0211692354942241,0.110529949597863
0.139673992092015,0.752516554858019,-0.0208419859560604
-0.4421494644341,0.0649848481913672,-0.000169033340059931
-0.861291911678885,0.126587269275328,-0.000328664490274162
-0.996833620016889,-0.374222128252179,-0.037818710147517
-1.8578622927295,0.170578391284013,0.133279083624872
-1.01497393295968,0.0793911243479543,-0.0173744820971238
-0.877546815852666,0.0843736217235686,-0.0551916333219494
0.00134014462087876,-0.00248201672456608,-0.000297562189314824
0.00132824502896732,-0.00246028690272506,-0.000294988795941181
0.00128596261329468,-0.00238315038026651,-0.000285683377397372
-0.173637884002519,0.39599702279471,0.0420836321447458
-0.878420565390129,0.12510687698369,0.0439781522067845
-0.944138491472845,-0.170566988410268,-0.0454561869943881
-1.12439929263886,-0.8899490917056,-0.0195962348701576
-1.12336308200954,-0.887400904340482,-0.0198677559403785
-0.843254609781854,0.216040635331252,-0.0602298647698983
-0.543860474878798,0.602937059213707,-0.0190061305785782
-0.267534822141811,-0.846706199415349,0.0202350596010161
-0.568486680595846,0.0350468298290451,-0.0035523819510415
-1.05253533320432,0.0648872911680833,-0.010479551626444
-1.05171368760048,0.0630265557710179,-0.0120314151300498
-1.00081599746039,0.0478283688636503,0.024478857334976
-0.92989511634942,0.0359717302298239,0.0673510033550837
-0.8989866084873,0.0304365138837842,0.0877805585133593
-1.00765965638508,0.0489742331756023,0.020338828341057
-1.07614202542972,0.060419815052625,-0.0210583125727894
-0.757070072889807,0.035402198487628,0.0239059900359738
-1.07614641411879,0.0604181348620952,-0.0210585481228288
-1.07614636395133,0.0604180658084261,-0.0210586235896911
-1.0761453980711,0.0604185260751661,-0.0210585308551478
-1.11657255237914,0.0575982339212356,0.0348174780975919
-0.706289103746983,0.741769654016758,-0.0800831950671969
-0.711445848193019,0.72197110936895,-0.0792533854550201
-0.708124333782599,0.734746119822754,-0.0797188442213987
-0.980291581420466,-0.324490796805687,0.0291553809424607
-0.714180672335782,0.714928104991534,-0.0791759414921434
-0.714711346582514,0.713132381807717,-0.0791142933166778
-0.706224065041476,0.741894690635261,-0.0800969637695928
-0.706119003393227,0.742394951069309,-0.080099652906718
-0.714095551582371,0.715193560388235,-0.0791873392513666
-0.713147021426712,0.718400022841668,-0.0792977033517756
-0.706378681189096,0.741425428503636,-0.0800755042943498
-0.706059585902253,0.742610532385445,-0.0801055848443286
-0.706339169270841,0.741529194517457,-0.0800820493151871
-0.710572602498037,0.727155177985364,-0.0795937583552699
-1.73868320398446,-0.0716991343207436,-0.00393676423524791
-0.706035643659059,0.742664147974878,-0.0801101597667587
-0.706092348451035,0.742422105751854,-0.0801068753603665
-0.706209272049354,0.741994562396719,-0.0800954108442326
-0.706097778966305,0.742458442458274,-0.0801026564550143
-0.706214090439981,0.741985165413323,-0.0800944045853672
-0.499013146998712,-0.666597281104593,0.0146684125261779
-0.710171223217399,0.728525994339125,-0.0796395313278676
-0.386934569404962,0.406560434973424,-0.0438850218084209
-1.03999799531009,0.0581470930343746,-0.00666483685584237
-0.537501706858774,-0.636788975236311,0.0137464461826984
-1.03591350595304,-0.531478021809029,-0.0315070750128657
-0.843905778267331,0.213412917148765,-0.0601443294194227
-0.756679267888062,0.549092294122343,-0.0729015175448476
-0.790614074068428,0.417838455942071,-0.0679342717373943
-0.758015804966436,0.542966588640775,-0.072651474727088
-0.901085935712334,-0.0105079676474939,-0.0519147798178508
-0.977338893779723,-0.310014000734616,-0.0407961330824221
-2.84636758758447,-0.11710148370277,-0.00645366382696771
-0.884551789770392,0.022443389959366,0.109819720442593
-0.868108262525964,0.024730903497931,0.10821056204391
-0.876338604672267,0.0235966931841069,0.108935290536738
-0.877464469724967,0.0234377430212985,0.109050777359973
-2.0565767745954,0.539623968707345,-0.0226250338763053
-2.04059814184488,0.563707206814527,-0.023269528741409
-2.04141723658462,0.563276103320159,-0.0232605795949378
-2.04144786928616,0.563312780647441,-0.023261737843049
-2.04104900850841,0.563466529120509,-0.0232645520250613
-2.04275329815909,0.562592341918016,-0.0232467417862386
-2.04273524806899,0.562627043924313,-0.0232475238763229
0.380335940791167,0.757807732248917,-0.01966383893819
0.294358578864974,0.697859247928019,-0.00853004242435456
0.268135215818092,0.680420849633984,-0.00547927505466381
-0.87115300614295,0.0253516542208325,0.100872247048402
-0.871573431232849,0.0252991126654406,0.100786147360403
-1.10943676220347,0.0813158874897511,-0.0774341057659475
-1.10942660152733,0.0813213141924844,-0.0774372173882511
-1.10944651557494,0.0813106712605986,-0.0774311136496305
-1.10941453423208,0.0813277593323276,-0.0774409133622422
-1.10940971630819,0.0813303228237092,-0.0774423817062814
-0.385723340547591,0.0168066817332576,-0.00198087939291964
-0.250356847217312,-0.8596107470943,0.0206361768676502
-0.272335479841122,-0.842461440208465,0.0201063838051343
-0.861990498989405,0.0262109929138554,0.103194293044838
-0.530482618763131,0.0639213138801076,0.0398432773891286
-0.848343561633716,0.0274118642677903,0.106881168700561
-0.836994957017193,0.028476148044067,0.10604646845326
-0.858021438621329,0.0265516352541858,0.104228833445678
-0.851933296761087,0.0271286324506349,0.105384792299143
-0.853728730894723,0.0266704813631288,0.108050136723492
-0.844420888554935,0.0278217857195025,0.106888350665336
-0.915490979369646,0.0510820524279584,0.031485306128166
-1.11802197553995,0.0652089014197904,0.000421023028725791
-0.797629612762962,0.0587984420457492,-0.00557099494754567
-0.911503383775614,0.0367540989806954,0.0677197592072178
-1.11802196641978,0.0652089026869457,0.000421015096189651
-1.11802138379609,0.0652090802421908,0.000420387269513265
-1.1180221620577,0.0652088420592482,0.000421226529395434
-0.867191873418671,0.0257745616090714,0.101794027985834
-1.02312578211094,0.0614124042323604,-0.0305376664604775
-1.02235326099825,0.0620674266061359,-0.0296812025351269
-1.11801894055706,0.0652098306145982,0.000417753120973682
-1.06583000624049,0.0639402846254874,-0.0158002705365308
-1.0541497157727,0.0639260642774015,-0.0183543605740941
-1.11801936469232,0.0652097005751081,0.000418210565498224
-1.07369168426188,0.0655012810167898,-0.0107579754679553
-0.089595941353751,0.634255385089658,-0.0183643765117135
0.00193188035194372,9.87136121908578e-05,3.76814264746887e-06
-1.51454380398658e-09,-5.16303582208409e-10,-6.33233347644627e-11
6.43331421101304e-06,-1.24456346195182e-05,-1.47044471080031e-06
6.30486122312825e-07,5.88286212203408e-08,-9.21653260445174e-08
-1.45548166572302e-09,-4.96169439127375e-10,-6.08539348500803e-11
-1.40599058824197e-09,-4.79298062568135e-10,-5.87847026595768e-11
1.1209807035258e-06,3.19590919114643e-06,-1.2150853184603e-07
9.94272284050221e-07,5.8467867910912e-07,-2.72852419375777e-07
-1.45279931168095e-09,-4.95255020203651e-10,-6.07417819369907e-11
-1.52138181874066e-09,-5.18634649334805e-10,-6.36092352276166e-11
-1.47895786389882e-09,-5.04172459103591e-10,-6.18354827415169e-11
-1.09065995295025,0.0423691607182436,-0.00514553896873083
-1.06205887993657,-0.277308229354593,0.0142842990665477
-0.869809197382765,0.08954042408471,-0.00700575877422942
-1.06709804618543,0.11602621461813,-0.00987214022493536
-1.06711195879516,0.116028489090831,-0.009872364264367
-1.06711611724749,0.116030788489862,-0.00987252086698326
-1.06711316094554,0.116031851694655,-0.00987256306438308
-0.85842634503591,0.0921389882608232,-0.0068232902814376
-1.06709262392785,0.116025476849633,-0.00987206499599775
-0.933366005342493,0.03419138861382,-0.00536323094757181
-1.06711740556057,0.11603088532261,-0.00987254842707297
-1.0621198826864,-0.277302372221669,0.0142835743573189
-1.05424646720037,-0.896078885151186,0.0522851574869352
-1.05426294189632,-0.897589517743845,0.0523780454453739
-1.06711391264729,0.116031439094877,-0.00987254382264845
-1.05429688420416,-0.900964940590259,0.0525856330783539
-1.05429407787161,-0.900607028226242,0.0525636147891253
-1.05429755605327,-0.901016793398842,0.052588820344959
-1.03109492754011,0.0423448083540607,-0.00577035454548931
-1.27954455117173,-0.0952992236647529,0.00284482176974381
-0.26296869782314,-0.159906703945377,0.00914545030628434
-1.02619869283575,0.0505604707843211,-0.00563096089181574
-1.02619759989285,0.0505599702879677,-0.0056309320936843
7.25770648634092e-08,4.05152781870393e-09,4.94842881182259e-09
-0.252936755170707,0.0094234532784304,-0.00117238868284083
1.61376115585529,0.204511083682648,-0.00194054164119227
-1.27956479455051,-0.0953103199075182,0.00284542818747256
-1.02145834843731,0.157311185942295,-0.0121572486782544
-1.01954886039405,0.200224809037629,-0.0147809954668271
-1.00892287248712,0.43900363910076,-0.029379992249083
-1.02620491121038,0.0506292813054606,-0.00563470980695992
-1.02620581490554,0.0506323409508724,-0.00563487646616947
-2.10107417072367,-0.0154403326776051,-0.00724254677831893
-1.14006768971767,0.017762363119007,-0.00386039966139403
-1.00973195409011,0.418359334264958,-0.0281175021881918
-1.00653713785151,0.523361834121852,-0.0345414341394415
-0.997519049461806,0.760189477827705,-0.0490250955114168
-1.00718101930223,0.485588586927258,-0.0322290850278604
-0.998059540935216,0.744894290695299,-0.0480896067790405
-1.02152531006925,0.054213345094988,-0.00584597173928487
-0.997241053174402,0.768034042414366,-0.0495048725603875
-0.997463612792328,0.761725765932091,-0.0491190372707694
-1.83707123198798,0.0132065270042364,-0.00741118016171732
-1.67907532714553,0.0259516517958148,-0.0073163462674832
-1.02619513853964,0.0505599538872345,-0.00563095951549928
-1.02619618678871,0.0505594224896867,-0.00563090226920835
-0.847134653405023,-0.0855020377302291,0.00267377593863508
-1.02619591599392,0.050558169579547,-0.00563083239430907
-1.02619617991898,0.050559581379079,-0.00563091065048648
-1.27953546013253,-0.0952946408489908,0.00284457522882405
-1.27953243640034,-0.0952934601760358,0.00284451551271795
-0.501423469208853,-0.304897955647496,0.0174378138370443
-1.090063957264,0.0378260888954183,-0.00497855107200712
-1.13450627603268,0.00659933489328924,-0.00314342394947149
-1.07200335561178,0.050535229341655,-0.00572568166796373
-1.14640364099569,0.0304961461906428,-0.00467821517175164
-1.27955805667845,-0.0953064499574925,0.00284521486949336
-1.02619534515324,0.0505596117006785,-0.00563095374018
-1.02619664014953,0.0505582446989561,-0.00563084534013915
-1.02619634086843,0.050559503717723,-0.00563090854577432
-1.02619604026509,0.0505585131062689,-0.00563085218854092
-1.02619607933073,0.0505581605805348,-0.00563083384014829
-1.02620753591782,0.050581802283599,-0.00563211051025846
-1.9484038567718,0.0042265333057198,-0.00747819880395509
-1.02620715533647,0.0505681659679817,-0.00563136672951589
-1.02620430942469,0.0505630160734277,-0.00563109087823141
-0.995536619651426,0.81584560098795,-0.0524288612137497
-2.14385290669214,-0.0220771319973036,-0.00712671169970236
-2.11881438280384,-0.018200490263606,-0.00719411492434986
-0.854302876105051,-0.149785821332509,0.00685685715466789
-0.945118463797866,-0.620837128445911,0.0356947886198674
-1.02619490185497,0.0505600337507167,-0.00563097957479439
-1.05422351157251,-0.894352095437532,0.0521790145429538
-0.517884526866368,0.0254758908813901,-0.00284001340429055
-1.39175581698817e-09,-4.74445494482769e-10,-5.81895473018062e-11
-1.50013618263647e-09,-5.11392008820693e-10,-6.27209445789692e-11
5.80659337099652e-09,8.91041586100664e-08,-5.51296716258961e-09
-1.43096452665274e-09,-4.87811615000249e-10,-5.98288684088005e-11
-4.56488433643553e-08,1.10326860545764e-08,-1.26149527427208e-09
4.95375146098425e-06,3.78669236034298e-06,-1.99867245606779e-07
3.4660490698994e-09,-7.60527701580689e-10,5.09973687486108e-10
9.4451426275405e-10,-6.5379108424908e-10,2.1497129057443e-10
-1.42746565765515e-09,-4.86618908304222e-10,-5.968258370851e-11
-1.41511495067477e-09,-4.82408585911992e-10,-5.91661988582966e-11
-1.44207465647071e-09,-4.915989934925e-10,-6.02933811360423e-11
-1.03541977423806e-09,3.7129625374251e-10,-7.23824394727721e-11
2.23799750806214,0.283778599681246,-0.00269703016892513
2.84898970129779,0.361585572503698,-0.00344563641174791
-1.01272640705985,0.366583180334369,-0.0249539427274993
-1.00062415666241,0.678973217548432,-0.0440581634240533
-1.02619595140206,0.0505583152160873,-0.00563084063633124
-0.995991555197908,0.803113308689296,-0.0516502153663603
-1.02620631136042,0.0505994291998503,-0.00563307019785249
-1.02620162394184,0.0505810662097275,-0.00563207239996539
-1.52435597989106e-09,-5.19648421497496e-10,-6.37335729227048e-11
-1.4074107797367e-09,-4.79782143790219e-10,-5.88440749279733e-11
-1.60666340135976e-07,-1.96545750088998e-06,1.19508703920372e-07
-1.44105826575032e-09,-4.91252611785288e-10,-6.02508970314321e-11
-1.77104429410629e-06,6.53136057189209e-08,-2.01139278482696e-08
-1.13796252049305e-05,-8.69286008540943e-06,4.63420610565736e-07
6.23429191225365e-09,-9.17317956064332e-10,8.32572182220044e-10
6.18736278434853e-09,-9.5489968646067e-10,8.0974558587123e-10
-1.42500907035159e-09,-4.85781438188265e-10,-5.95798722871736e-11
-1.52261024356784e-09,-5.19053351204027e-10,-6.36605889344823e-11
-1.3953189387977e-09,-4.75660074565404e-10,-5.83385132653879e-11
7.32654084626576e-09,1.73877369173364e-08,-2.91762045230342e-10
-1.01580025471568,0.231753083848676,-0.0167022011380049
-1.79423515815177,0.0165582056963543,-0.00738121078961765
-1.02620526701641,0.0505982345899755,-0.00563298071408816
-0.587493831801513,0.0638819188966619,-0.00543521742642089
-1.0262054501277,0.0505984444010372,-0.00563299644787589
-1.02118520302519,0.0545024684609271,-0.00586288904592456
-0.994441996811266,0.846444861879113,-0.0543001183703975
7.47567652728635e-08,4.23924856555839e-09,5.06738602579382e-09
-1.0262055847418,0.0505985997599369,-0.00563300805026776
-1.51278849440514e-09,-5.15705194543718e-10,-6.32499458431101e-11
-1.08336212250055e-08,-7.58991706429203e-10,-7.05710108741166e-10
0.344616433226898,0.0685371427922979,-0.00265711257737312
-0.669598458696194,0.333658554473305,-0.0223689484000686
-0.925409970303215,-0.45573650400822,0.0256304194918134
-0.835631137885767,-0.346367728657972,0.0191530493657443
-1.00274342031742,0.611752303824194,-0.0399459398341671
-1.78732837521533,0.0172267382427686,-0.00738168327740528
-1.14640454681774,0.0304969846480334,-0.00467828685226787
-0.976530320772452,0.0667252546819096,-0.00610549740736496
-0.974537448589144,0.0671488335652679,-0.00612214765480257
-1.14640590637349,0.0304961354994199,-0.00467823715889308
-1.14640460532402,0.0304967059112173,-0.00467826624482409
-1.14640444482842,0.0304963275003855,-0.00467823657795143
-1.14640449336787,0.0304977508225548,-0.00467834290361756
-1.41391028006888e-09,-4.81997912283686e-10,-5.91158316552802e-11
-0.502291401796331,0.0431104127018625,-0.00388635800422467
-0.794986074085904,0.0476321225456473,-0.00487654968396869
-1.01190679119991,0.0868493358731636,-0.00782937926958698
-1.05204052932923,0.0765113389326056,-0.00693906482448976
-0.789061676283336,-0.208342492400184,0.0108353394940768
-1.05508456698891,0.0743550894770736,-0.00715155723783846
-0.342096008971618,0.0978001582247622,-0.00477054472624237
-1.01047760837675,0.0354597446710973,-0.004669649150967
-1.04287583771936,0.0772456205289313,-0.00693334519328074
-1.98564132915328,0.00125096532766362,-0.00750170248284715
-1.01491355432285,0.0396853131653883,-0.00493888003922622
-1.89489656189228,0.00849811911562168,-0.00744418353639074
-0.841065990637847,-0.168231462212916,0.00822831452266601
-1.94031107692146,0.00485425613235001,-0.00747228595786159
-2.09932539226644,-0.00790484839991305,-0.00757050032911303
-2.03885264117145,-0.00305764426844001,-0.00753285777432959
-2.12938699867938,-0.0103259013327461,-0.00758866387824214
-1.01700300597858,0.0417000847760928,-0.00506710484983259
-2.11715106751062,-0.00934394700010941,-0.00758110195834863
-0.765946760464427,-0.301750553568065,0.0165923335126405
-2.13349198144138,-0.0106535536040979,-0.00759129147686764
-1.01210488790122,0.0632025536089652,-0.00638114322933041
-0.993532799203654,0.871834075519689,-0.0558527578982327
-1.01210490198824,0.0632025555287154,-0.0063811434681779
-1.01210490624581,0.0632025560744883,-0.00638114352777695
-1.01210489615408,0.0632025548067345,-0.00638114337167208
-2.11035359757225,-0.0168686965562132,-0.00721780525670582
2.56945174920272,0.325572337386667,-0.00308755279360218
2.52270059524613,0.319603399208087,-0.00302970136739134
3.49773907284791,0.444246115332371,-0.00424216005052441
3.49850921291843,0.444307165762822,-0.00424173705117409
3.50015876403832,0.444453028322092,-0.00424125355079732
3.49964802594096,0.444413051902004,-0.00424154721785409
0.224837311018016,0.179671005581862,-0.00618002431884901
-0.424925940034756,0.127178375995545,-0.00656635501660902
-1.01700012731609,0.0626416733919364,-0.00635831934258812
0.718979482886438,0.219612919580422,-0.0058872714291509
-0.995179488980663,0.321428890676973,-0.0221515797207373
-0.99528720586246,0.284117394378832,-0.0198670007065221
-0.995353887284117,0.261075792612929,-0.0184561641253007
-0.99541097253822,0.241436432837492,-0.0172536436983198
-1.39842419724931,-0.130119259588211,-0.00159363426987273
-1.28924010576339,-0.0860694395268758,-0.00245642226604049
-1.07394264129051,0.0483960659514808,-0.00589215931306341
-1.04368664170173,0.115271753382366,-0.00954450390192546
-1.02576046304554,0.0721968539423937,-0.00694371389653256
-1.03890683031896,0.131872253324496,-0.0105083718064394
-1.01190724264338,0.0868344013564441,-0.00782846006426601
-1.01190721493875,0.0868361974931827,-0.00782857084376382
-1.01190698936762,0.0868495718171457,-0.00782939567290609
-1.06486983672336,0.0750757765594426,-0.00722093191079614
-0.996073713431284,0.0126898937206354,-0.00324748012449474
-0.696772430682552,-0.159421688805582,0.000634166703880158
-1.06487099202002,0.0750756599391744,-0.00722093207895185
-1.06487003365268,0.0750757695137798,-0.00722093253660648
-1.12096683637369,0.0642678955231301,-0.00671696249364975
-0.757026286438392,-0.212336799357185,0.00181947454342477
-1.51981906520364e-09,-5.18101910832064e-10,-6.35438949991409e-11
-1.49692350851961e-09,-5.1029681386897e-10,-6.25866201192266e-11
-1.01460011587043e-08,-7.28089233789266e-10,-6.59430242165838e-10
-0.993474129064586,0.294157715066333,-0.0224614176312637
-0.782014679700936,0.0939691818689623,-0.0068001232742359
-1.36337042040375e-05,-1.75541274191561e-06,4.14534956422249e-08
-1.05591754324714e-08,-1.35001775865153e-09,-8.26889447526358e-11
-1.02410899167802,0.0701142834339682,-0.00624616365606809
-1.0241591800361,0.0701072761271049,-0.00624455546648968
-0.998601373786611,0.0284715437123293,-0.00421217094476705
-0.998120727667907,0.0298616431500237,-0.00429549460753826
-1.00165360542119,0.0683664961380097,-0.00663235649437575
-1.00165360978766,0.0683665458983175,-0.00663235683060402
-1.00165360110381,0.0683664410886455,-0.00663235613000568
-0.656063527332255,0.020604408743587,-0.00287888949652243
-1.00165360977402,0.0683665485521426,-0.00663235684697937
-0.984493162274557,0.0691589209668797,-0.00665119054858275
-0.998270407256054,0.0471106987561446,-0.00535045199845138
-0.984443107390634,0.0691974049120235,-0.00665318785357353
-0.571981409365065,0.0554465202136898,-0.00459445905481588
-0.999712963302936,0.0621254378911195,-0.00628467963302716
-0.999713104273901,0.0621253505065071,-0.00628467477228732
-0.999713597602869,0.0621250429936782,-0.00628465776297749
-0.999713178714945,0.0621253039033858,-0.00628467230049212
-0.999713473006677,0.0621251210955751,-0.00628466207331777
-0.123102652733147,0.00841845060992153,-0.000750428910106999
-0.0620395254334757,0.00424066163870058,-0.0003781669845432
-0.833679579387551,-0.065213580652405,0.00194692995462957
-1.07394329847524,0.0483960093083565,-0.00589216087306715
-1.07394185406012,0.0483960272650474,-0.00589215535327139
-1.07393865179508,0.0483961047550717,-0.00589214400142868
-1.0648746242959,0.0750753322909191,-0.00722093559174322
-1.06487378737752,0.0750753959478519,-0.00722093376593218
-0.996073788835028,0.0126841757632368,-0.00324712691203669
-1.06487230103133,0.0750755262964233,-0.00722093229936986
-0.829841520912028,0.053355608958248,-0.00531291316503987
-0.996073856481549,0.0126790603401529,-0.00324681079590485
-1.06487426196333,0.0750753999061388,-0.00722093802751499
-1.06487404983819,0.0750753761667523,-0.0072209342762621
-0.99607385539616,0.0126792312577005,-0.00324682149226785
-0.897736247460153,0.0596295494121778,-0.00586408316635015
-1.11560880009135,-0.0865857234437806,0.0015837999446445
-0.966291997567454,0.0690691326411722,-0.00655143631318658
-0.966289624808205,0.0690709495105351,-0.00655153290980703
-0.966290615792743,0.0690701962741704,-0.0065514924432055
-0.966288737893444,0.0690716187616424,-0.00655156942971353
-1.01651674740643,0.0714325865766838,-0.00654539129821106
-0.675513766791161,-0.407607827229306,0.00724692880392748
-0.909231458364402,-0.144356177374918,-0.000499239594010872
-1.04960561169459,0.0125161642463698,-0.00374757537027646
-1.16167873714635,0.139926813730855,-0.00886444493490033
-1.16169587613232,0.139937676544695,-0.0088647881134666
-1.16167406190642,0.139925391254009,-0.00886439320329879
-1.16168401686295,0.139931332762673,-0.00886458276016454
-1.18095002450946,-0.166071858468999,0.00570251478167483
-1.5857488987059,-0.194070223024897,-1.02229114179472e-05
-1.17540210789176,-0.159559617478475,0.0053904201541454
0.42311039555772,0.855022904509134,-0.0505933084043917
-1.30022880073529,-0.324631375721732,0.014159750998726
0.703972886888043,1.05408440321405,-0.0594630789671547
-1.02622881859146,0.0183393575660452,-0.00395238820694399
-1.03629009590748,0.0187676564471417,-0.0040226329291051
-1.08758096566463,-0.0505030303935628,-0.000334079740589978
-1.00755887281338,0.0517273937144525,-0.00572921874613864
-1.01519766928768,0.0718438648971261,-0.00662677781961207
-1.01437191130604,0.072103911047906,-0.0066777462389883
-1.63487863280487,-0.214650066139479,0.000598094203690155
-1.00938033499648,0.0736510331817709,-0.00698718959170851
-3.55382537707417,-0.133569318207989,-0.00846958315823943
-0.811982153822525,0.247502648618261,-0.0173038206595174
-1.08221641041594,-0.0363664753888771,-0.0011312849506779
-1.16183933670319,0.140025039526151,-0.00886756616041619
-1.16180969646797,0.140007054485795,-0.00886699385482467
-1.16180808645786,0.140005034296811,-0.00886693412920252
-1.32595564925969,-0.355390940439309,0.0157727510734263
-1.3478792485812,-0.383930127169554,0.0172857893366583
-1.35041186318992,-0.387244706911018,0.017461509403953
-1.01781127415162,0.0710334335252789,-0.00646543440533443
-1.0040499073443,0.0753388993791087,-0.00731593018310562
-1.01781130014791,0.0710331065960847,-0.00646537702331797
-1.00426431959071,0.0752713134631749,-0.00730274802541892
-1.01087033096637,0.0732050752886247,-0.00689418229054495
-1.01780392720896,0.0710368073955736,-0.00646541613471957
-1.01780365873361,0.0710369887300929,-0.00646542204487569
-1.199979191563,-0.190205591266834,0.00697260399856543
-1.01780401572184,0.0710367329451642,-0.0064654256927933
-1.01780382559508,0.0710367914015149,-0.00646543535548583
-1.01780415453149,0.0710362873868742,-0.00646547220006304
-1.63447211945095,-0.214612829433268,0.000607079145985992
-1.01780487878525,0.0710363129964457,-0.00646542792237761
-1.16691690537012,-0.148269875610006,0.00476565525708807
-1.63452797076484,-0.214567257814742,0.000599472667791318
-0.850290727034876,0.0864649793472578,-0.00657993626146821
-1.63587842587696,-0.214689553772965,0.000569425015736913
-1.56858067964176,-0.186968894660626,-0.000114899197183742
-1.00953748576265,0.0735987487958096,-0.00697752883418591
-0.790179235344701,-0.0247040581012908,-0.000430496037349279
-1.00956513785689,0.0735921081177059,-0.00697575877241401
-1.00887327690508,0.0738116102894035,-0.00701846294576303
-1.89615860484715,-1.07456313062454,0.0535126229029858
-1.89618957140969,-1.07458629530337,0.0535138496198486
-1.89623601177205,-1.07462101311347,0.0535156886820844
-1.89623296202223,-1.07461871018531,0.0535155675530234
-1.89626751965322,-1.0746445779736,0.0535169367339794
-0.831950194724133,0.218962341346182,-0.0155335720982135
-1.66261073964119,-0.226428166724777,0.000701888675805428
-1.28662699827901,-0.304448639702168,0.0130719404389058
-1.12434071172308,0.0828311011297619,-0.00784906180991745
-1.77180862555608,-0.274819471600007,0.00149906455388479
-1.31075293517826,-0.335923248539759,0.0147406153141944
-1.30588238883104,-0.329335661221149,0.0143913825628023
-3.94434309711423,-0.16248806920633,-0.00893602231859878
-0.944470777167183,0.0396348520344188,0.0501971714573806
-0.88612747202716,0.0239386279038116,0.0969265208822448
-0.886077136263093,0.0239658409496133,0.0969062777526623
-0.885867388811383,0.0240824945391243,0.0968158576805094
-0.884997929751494,0.0245609584761105,0.0964562986130722
-0.885895561746842,0.0240669310622038,0.0968277207749274
-1.12434261171123,0.0828325817484092,-0.00784917631575223
-1.04231091277059,0.0629663154931095,-0.0233764413746467
-0.954258109992305,0.0424967517730346,0.0420330111750141
-0.928747419541378,0.03519653656482,0.063085448807208
-0.93958204756843,0.0380049331296871,0.0545620411744871
-0.968546784077397,0.045915871319294,0.0312034924613876
-0.975078328229282,0.0474287322859171,0.0263210502499079
-0.976790139825853,0.0479870022394327,0.0248219489673447
-1.53071072282024,-0.164770261758347,-0.000359748588672924
-0.242759919467969,-0.865797739544246,0.0208260247151833
0.000767134588616275,-0.00143105397384612,-0.000171039975507561
0.00100359148080849,-0.00186973486672116,-0.000223564796979769
0.0226798306131706,0.522040355978068,0.0211014994246385
-1.0711877172303,0.0621112186568535,-0.0185337008930436
-1.07614340465415,0.0604196448280767,-0.0210579634647868
-1.07614432651257,0.0604192899689446,-0.0210581537999629
-1.04569700042009,0.0553307484837098,-0.00265182168248615
-1.07614363817965,0.0604195005930285,-0.0210580693092896
-1.07084158882274,0.0622294852409263,-0.0183581857212981
-1.08640441613018,0.0676060385126217,-0.00252299063821138
-0.326274744042542,-0.801093969538767,0.0188249027307599
-1.05527433330426,0.0687477588817526,-0.00773052996386247
-1.04877948306086,0.0704551629653294,-0.00601974860925647
-1.70088461438921,-0.0494824567794707,-0.0045690988637715
-2.05636025123528,0.539500620221924,-0.0226208872625535
-1.05951753305415,0.0598099404092964,-0.00750588016606679
-0.49402033145341,0.178141858310509,0.0686915804835158
-1.42941913713024e-09,-4.87284720322216e-10,-5.97642467803418e-11
3.00791008497492e-05,1.11180987215293e-05,2.41268328333291e-06
3.01135118866743e-05,1.10704491522355e-05,2.40970904777087e-06
3.00549595691811e-05,1.11544465875216e-05,2.4151969746884e-06
3.00453032713817e-05,1.11639952120068e-05,2.41565611183134e-06
-3.94191657106519,-0.16235522475328,-0.00893160709924358
-1.12421158225471,0.082877263402483,-0.00785230233701954
-2.00603646785497,0.499225017736325,-0.0212794359655633
-1.05952321304039,0.0598076274528833,-0.00750583067577436
-0.233517673462027,0.305140753768858,0.0421506687639665
-0.603516048417449,0.0248771561003381,0.0744432859321008
-2.05463999221376,0.539615438502743,-0.0226191396396761
-0.487121777877284,0.0176008223921608,0.0556905831329018
-0.412198364298733,0.0126171734804029,0.0516842079843432
-0.431163317246228,0.013052113904705,0.0540995870222654
-0.490830949484966,0.0144751921938523,0.061684722578193
-1.97222228155376,0.440665388429527,-0.0194622338211865
-1.09655722688512,-0.41654338707071,0.147550757807816
-1.09204900115183,-0.352761783401046,0.169157437341993
-0.851775692846059,0.0530553937333513,-0.0928528103345365
-1.10450049425904,0.010763487203813,0.12795851646575
-0.768859172679027,0.0840464869273662,0.23430388357882
-1.172965693776,-0.0643862467489633,0.460459006101248
-0.827701922730859,0.170292981413368,0.403607038077369
-0.478870795469806,0.0205427821217444,0.000862127786833714
6.62437266415419e-06,4.36566987451368e-06,1.54151858002214e-06
-1.00928331768253,-0.156658762841469,-0.614897944903678
-0.525585147681848,0.0536671662354385,0.02971331279144
-0.358962631020334,0.0366629945973785,0.0203181641351027
-1.44249586378235e-09,-4.91742589531905e-10,-6.03109929220363e-11
-1.44659438936476e-09,-4.93139821250671e-10,-6.04823593809847e-11
-1.4193141251708e-09,-4.83840029549148e-10,-5.93417621069352e-11
-0.348597601421444,0.00538896658250315,-0.00174105840606612
-0.533861605179891,0.00826662740607475,-0.00266686255294312
-1.25031715597523,0.0194320520083347,-0.00624847691050499
-1.25032154274863,0.0194309195779509,-0.0062484598594841
-1.04072869266791,0.0436119177550027,0.000997716606375959
-1.24735660899585,0.266940950368658,0.780007430335567
-1.41888106981487e-09,-4.83692352763674e-10,-5.93236516471047e-11
-1.40847965885966e-09,-4.80146484498307e-10,-5.88887617379427e-11
-6.94918397634664e-06,3.83727449834376e-06,8.46837420300171e-06
-1.51747315123447e-09,-5.17302059113664e-10,-6.34457967152568e-11
-2.07542697234775e-07,-8.15634185161692e-08,2.4369062880266e-07
-1.50525732476155e-09,-5.13137863548274e-10,-6.29350686575172e-11
-1.42211652944626e-09,-4.84795422504261e-10,-5.9458938127742e-11
-1.44459567344119e-09,-4.92458429424336e-10,-6.03987868669714e-11
-1.44903817441172e-09,-4.93972879285258e-10,-6.05845315969602e-11
5.8681001766357e-07,2.38940038912274e-06,-4.60881339851591e-08
-1.40548735716171e-09,-4.79126526307798e-10,-5.87636639300313e-11
-1.46469898368813e-09,-4.99311517783625e-10,-6.12393033361432e-11
-1.4772026694984e-09,-5.03573986887601e-10,-6.17620842472885e-11
-1.42979672436178e-09,-4.87413564303962e-10,-5.97800466743077e-11
0.287220608825305,0.744719054623947,-0.0200852619036092
0.605435901834579,0.838317522753612,-0.0216292492267106
0.708429149927862,0.868600650268497,-0.0221285843606615
0.708360241409619,0.868582612793684,-0.0221283002472588
-0.699903509726343,0.688133233716207,-0.022018116579798
-0.347544129984058,0.721006229174945,-0.021693640773236
-1.03780964115917,0.0636781082375914,-0.0122068610781187
-1.03781318971803,0.06367803178582,-0.0122058423287559
-0.945000539199983,0.0406818125298788,0.0584148046455984
-0.769696525972595,0.0336962493535742,0.0976751135555051
-0.758277148677928,0.032884454348357,0.0955663173837361
-0.780068622194271,0.0330527211205662,0.0989993287170213
-0.876297059288098,0.0236581979684924,0.110689227774218
-0.871016098898482,0.0244890826316515,0.110589621507972
-1.20869777168869,0.0478408815627126,0.0968926667790951
-0.87120385979404,0.0245156877182751,0.110855083113421
-1.05747747130482,0.0373824432125019,0.10317352103935
-1.41941756759001,0.0542208726366582,-0.00758839170928898
-0.386744241568688,0.0248636556998586,-0.00230986668512142
-1.03779197187265,0.0636794612406678,-0.0122118544560515
-0.56775364890936,0.189088233443636,-0.0225667042409437
-0.876932520460234,0.401154581692476,-0.0493488489917075
-0.876332920075251,0.40288056230398,-0.049431978022478
-0.876833894797529,0.4014437226399,-0.0493613031695079
-1.11301611872248,0.0715555136309975,-0.00664756821746983
-1.11301617471499,0.0715554744638097,-0.00664758063904982
-1.1130164338384,0.0715552717027537,-0.00664764458980831
-1.11301642147422,0.0715552725281424,-0.00664764373828834
-1.11301817537385,0.071553893720504,-0.00664807663459722
-1.11301668497162,0.0715550732623337,-0.00664770663502114
-1.00650011104635,-0.0416561135084739,-0.00227411872604028
-1.1130198229057,0.0715525793272371,-0.0066484882794914
-0.90593982569557,0.0582404260845176,-0.00541141503616147
-0.678599560491161,0.183996142501065,-0.00196603531026331
-0.844115884478581,0.284445144980461,-0.0109257183756191
-1.11302118760638,0.0715514864992136,-0.00664882984607926
-1.11302104289798,0.0715516065826599,-0.00664879277896792
-0.983381795214415,0.0439792772559214,-0.000902983792751603
-0.533277510468407,0.330345549396409,-0.0120796019815437
-0.59285326250617,0.304173909295353,-0.0115882160593331
-0.553747684714076,0.321116708766404,-0.011905952923746
-1.0192492360555,0.0433513080690392,0.000131590503084116
-0.529343751738025,-0.643142145137798,0.0139427746807752
0.00126753487899458,-0.00234964425009792,-0.000281585574946557
0.00122661003385742,-0.0022755530452419,-0.00027241997488478
0.00123723668833561,-0.00229499656716266,-0.000274842891917474
0.00114900632426179,-0.00213429175196011,-0.000255332656314932
-0.767932957528373,0.0565681345904189,-0.0115521240814855
-0.59930389633103,0.037747987691323,-0.00616126503404586
-0.676611483781685,0.0427297778365447,-0.00696483511636975
-0.86948671443026,0.0245640290194693,0.109839536452189
-0.73364854836918,0.0460426822809805,-0.00752839609938117
-0.361413440652422,0.0227688737762716,-0.00228681669542835
-0.676262889154753,0.0435505126669174,-0.00702686363806464
-0.67636398034338,0.0433122905511702,-0.00700895340230624
-0.67616058290681,0.0437923414321051,-0.00704483521774345
-0.67615659699901,0.0438019276607309,-0.00704552088248173
-0.765088205228329,0.0511299514511651,-0.00502052326845873
-0.676137979150711,0.0438462960591854,-0.00704873099993266
-2.48440336770082,-0.101904658423354,-0.00564288179912842
-0.770299866988583,0.210612059759366,-0.0268261951261563
-0.558579338670327,0.496745879264299,-0.0160240106846848
-0.520192560929588,-0.650907894908267,0.0141797172944406
-0.679064057035307,0.0407104756636273,-0.00432940745079185
-1.00755865909157,0.0620716420857405,-0.00630251937921279
-1.00755865872282,0.0620716456632282,-0.00630252103431146
-1.00755865815968,0.0620716495120529,-0.0063025226627382
-1.00755865920421,0.0620716490060646,-0.00630252258804784
-1.00755865725259,0.0620716521979213,-0.0063025237608965
-1.00755865845353,0.0620716501198668,-0.00630252293951975
-1.00755865756327,0.0620716527471621,-0.00630252409504266
-1.00755865739918,0.0620716517034893,-0.0063025235622681
-0.379076543892915,0.0277319737521545,-0.00263481570388573
-1.00755865885172,0.0620716477507917,-0.00630252187822882
-1.00755865930503,0.0620716459294492,-0.00630252114848132
-0.891027039874017,0.0453479056635011,-0.00366609467764189
-1.1241192371216,0.0829081799571995,-0.00785448059965958
-2.33529149917015,0.0608761541566619,-0.572172228440429
-2.2938118515722,0.0597871291732027,-0.552701107147669
-2.42658223154684,0.0632607972291774,-0.6150524846378
-1.58422350168034,-0.10181793507354,-0.276294598261674
-2.4750566023133,0.0645206541120882,-0.637830910506398
-2.48457311032692,0.0647616815459035,-0.642314057526247
-2.07981243555974,0.0541556625278121,-0.452310321949488
-2.16046416466149,0.0562784426073817,-0.490135210107875
-3.36980359720009,-0.138954044311725,-0.00763005660006011
-1.54855609058489,0.0401788793558623,-0.203232925055095
-1.86860968731274,0.048597944979577,-0.353286517734058
-2.27775431271892,0.0593645588747064,-0.545168069501124
-2.44546305656862,0.0637463837986336,-0.623942415593182
-0.886448111160584,0.0221770092411394,0.110031849881101
-0.167006377037851,0.400150501956446,0.0414152577582406
-0.873582014135884,0.0240940089744332,0.1077592988431
-0.879914820481172,0.023234632181733,0.108048499162497
-0.883165094308163,0.0226603866656784,0.108699600545298
-0.884033197824952,0.0224739493392723,0.108945396797897
-0.883487508402405,0.0226871139792545,0.108601122958723
-0.885460227725569,0.02221613175917,0.109272618733046
-1.83133913056288,0.495221504947316,-0.0205376691541448
-1.47797030019083,0.0384277685999022,-0.170502919474625
-1.12410763771119,0.0829118970834964,-0.0078547464264192
-1.01432591356525,0.0555987272360685,-0.00545779792478132
-1.01432754779987,0.0555977140807338,-0.00545771690145265
-1.01432881482843,0.0555969363802221,-0.00545765568508212
-1.01432718815433,0.0555979402648587,-0.0054577354080114
-2.0418275235062,0.56280791992987,-0.0232493923388196
