-0.0191760510985828,-0.0210790365581569,0.00176850001285316
-2.77816885637489e-05,1.92349649348158e-05,-2.0328572365367e-06
-2.77819808676562e-05,1.92352821657052e-05,-2.03287642671987e-06
-2.77813518488169e-05,1.92345994896713e-05,-2.03283512846249e-06
-2.77816337595811e-05,1.92349054358678e-05,-2.03285363558269e-06
-2.7778370945671e-05,1.92313645553881e-05,-2.0326394521201e-06
-2.77782262097818e-05,1.9231207509121e-05,-2.03262995454393e-06
-2.77803990279963e-05,1.9233565472803e-05,-2.03277258255789e-06
-2.77799279567676e-05,1.92330542748544e-05,-2.03274166237842e-06
-0.0110285942244946,-0.0174716914880164,0.00133907480905224
-2.77777946809277e-05,1.92307392176373e-05,-2.03260162925464e-06
-2.77775481213289e-05,1.92304716373462e-05,-2.03258544300216e-06
-2.77773975195011e-05,1.92303081891659e-05,-2.03257555529397e-06
-2.77774873083839e-05,1.92304056453219e-05,-2.03258145151317e-06
-2.77778072241887e-05,1.92307527804509e-05,-2.03260244569737e-06
-1.70774805867617e-05,1.18235066152192e-05,-1.24960830299672e-06
-2.77797676675179e-05,1.92328803185303e-05,-2.03273113943751e-06
-2.77777371986971e-05,1.92306768143368e-05,-2.03259785277555e-06
-2.77773281449075e-05,1.92302328583691e-05,-2.03257099511547e-06
-2.77772978735479e-05,1.92302000311171e-05,-2.03256901135051e-06
-0.00978461212254437,-0.0169310761785308,0.00127404380624465
-0.0164268128910942,-0.0194629397357934,0.00160254821763665
0.000519575288898397,0.000727115486470474,-9.75060171577361e-05
0.000579883824278173,0.000639055891053736,-0.000102507780686693
0.000591560646683473,0.000622006046068459,-0.000103476178350864
0.000616143132162105,0.000664574416471289,-8.46056787828232e-05
-0.000194424484333886,0.00144423338421141,8.12918542608564e-05
0.00511341707811328,-0.0207687608580757,-0.000840266134824044
0.00067831408016378,0.000495309054028654,-0.000110676107807577
0.000678360997280704,0.000495266522988108,-0.000110674206251445
0.000678214906712027,0.000495398824950728,-0.000110680108876441
0.000678284227979949,0.000495336058544164,-0.000110677309721404
0.0014212421547487,0.000257062940647927,-6.53084735335022e-05
0.00165597663176369,0.000181752691566704,-5.09753980853493e-05
0.000678127469815371,0.000495478054815605,-0.000110683648075152
-9.09150831454124e-05,0.000742211789092923,-0.000157641993359172
-0.000454174526591904,0.000858757343161827,-0.000179822895038561
-0.00038065948977522,0.000835171385467269,-0.000175334007734662
-0.000730859077872608,0.000947526932546028,-0.000196717459879767
-0.000799255635867868,0.000969470844601083,-0.000200893803233324
-0.00116772736029638,0.00102512456220512,-0.00021149071685452
-0.00117323676734913,0.00102990289382611,-0.0002123998749224
-0.00125998629902716,0.00110514094006142,-0.000226715310388193
-0.00123918967317829,0.00108710398567873,-0.000223283442341767
0.00511341802654993,-0.0207687617840005,-0.000840266087087626
-0.000844791173298875,0.000745040899572622,-0.00015819991257235
-0.00128814227316082,0.00112956058115834,-0.000231361662189809
-0.00107520019163147,0.000944875500013917,-0.000196221885349389
-0.00128221608799279,0.00112442081581059,-0.000230383712511877
-0.0150413159787753,-0.00505718805851166,0.000776914979088379
0.000802833178113639,-0.000831915326651978,2.38695571000471e-05
-0.013949512071088,-0.00687227989006411,0.000848753004417153
0.000601792399538552,0.000439416040199454,-9.81885175347921e-05
0.000794957269401726,-0.000829977297123512,2.37712562682212e-05
0.000839691754336548,-0.000840983651115736,2.43296140342165e-05
0.00137876653178145,-0.000971340190631446,3.10088106823821e-05
0.0007850390492953,-0.000827538178816373,2.36475673750097e-05
0.000777323744825321,-0.00082563974553346,2.35512731122931e-05
0.00151703542619109,-0.00100477643930287,3.27220127744195e-05
0.0017071696334773,-0.00105075585472309,3.50779236387e-05
-0.0342206325689865,-0.0375894689753218,0.00326013128820007
0.0316021469659014,0.000969339706326678,-0.000884989021224164
0.0249766924848651,-0.015498406484419,0.000761809765402353
0.0285902841870279,-0.0172216796620599,0.000896028102554822
0.0285902843502767,-0.0172216798429606,0.000896028113796589
0.0285902840608078,-0.0172216795248924,0.000896028094242481
0.0285902840149247,-0.0172216794745141,0.000896028091148333
0.000839690182398272,-0.000840983174866701,2.43296836455362e-05
0.0285902891145766,-0.0172216850778728,0.00089602843561932
0.0285902872687375,-0.0172216830503596,0.000896028311027268
0.0117349953589914,-0.00218153191113878,-0.000175325145267231
0.0295382580035625,8.67295498376119e-05,-0.000777836521553613
-0.0351001757529064,-0.0385335918470968,0.00334113564155373
-0.0331101579239069,-0.0363974502535865,0.00315785794526977
-0.0326265475558815,-0.0358783220957616,0.00311331763207014
-0.00041318541789996,0.000196760129237514,1.97504102689328e-06
-0.00145475598078979,-0.00178197542270129,0.000134374915944199
-0.000296452923978509,-0.000363135546679002,2.73832582322644e-05
-0.000582976940960724,-0.00071410767477524,5.38493077730594e-05
0.0066990973166904,0.00633600369236193,-0.000508593378391164
-0.00779345865522358,-0.0092211181511503,0.000826178753812714
-0.0161379013674611,-0.0181785089190654,0.00159470625177036
-0.0186040062512019,-0.0208257623554835,0.0018218356985202
0.0199691763521912,-0.0128369609406413,0.000592229198792741
0.000758095913992748,-0.000818903983701486,-1.14413384849603e-05
0.000758078792183196,-0.000818570725096734,-1.14308449161876e-05
-0.00271045958431415,-0.00332012278437535,0.000250363303785454
-0.00236199274547838,-0.00289327699203631,0.000218175770817585
0.00200126968776425,-0.00812840030822272,-0.000328860291188257
0.00783808322215878,0.000965374036272156,-0.00270795601210544
0.0157631895898552,-0.005798995128349,-6.30399133511586e-05
0.0159508151646537,-0.00571711154025364,-7.28661059688086e-05
0.0159668491535092,-0.00571011718971258,-7.37055859166005e-05
0.000782428087998921,-0.000897838385481236,-1.24445714988685e-06
0.000799136462140834,-0.000850544195796995,-1.50768520966561e-06
2.22426773843742e-11,-2.41427546660616e-11,1.46072468760927e-12
-0.0398141794431559,-0.0435936653258822,0.00377528317520061
0.00108154861192604,-4.7786334252885e-05,-6.13252464892439e-06
0.000721265991036077,-3.18677844869725e-05,-4.08968060853235e-06
0.000953577401067909,-4.2130944964529e-05,-5.40699336569293e-06
3.23299228394777e-12,-3.48392860532599e-12,2.08770383906686e-13
4.51265897153776e-11,-4.84065253465788e-11,2.88275858633529e-12
-7.1029614195846e-11,7.70972962803513e-11,-4.66466660065234e-12
-1.25501276358361e-10,1.36221188046421e-10,-8.24179730715277e-12
-9.35927056641737e-11,1.01587815868336e-10,-6.14643069458486e-12
5.15480107095382e-11,-5.58621606338798e-11,3.37271563906383e-12
4.57668174058001e-11,-4.96763996045801e-11,3.00560001829882e-12
-9.12834277908447e-11,9.90600815103478e-11,-5.99179811651805e-12
7.90606987067835e-11,-8.55656400291752e-11,5.1571225382071e-12
-2.80853868254682e-11,3.06787460228929e-11,-1.87171398633446e-12
-0.0395938881860227,-0.0433572046459183,0.00375499512823073
-0.00420635610808891,-0.00515247122590091,0.000388536892691198
0.000985808336110328,-0.000320238149137909,-4.54849559925516e-06
6.93374827953146e-12,-7.55511296504454e-12,4.59437083712548e-13
1.86133774468256e-11,-2.05267139389077e-11,1.26781170059023e-12
-2.89469406686968e-12,3.14197218445336e-12,-1.9010071943256e-13
-3.2509709878345e-11,3.52868283807678e-11,-2.13498030529672e-12
9.68941028028485e-11,-1.05178966730607e-10,6.36432717426866e-12
1.30207384220009e-10,-1.41330251449786e-10,8.55098925773148e-12
8.51719845805177e-11,-9.25189345893598e-11,5.60342620145861e-12
-3.34129208768469e-11,3.63371622646208e-11,-2.2041283651935e-12
-4.07891236237833e-11,4.42735224806081e-11,-2.6787090832701e-12
1.3531783588928e-11,-1.47636079026554e-11,8.9932376504409e-13
6.57665211404047e-12,-7.13845972839313e-12,4.31902691882262e-13
-9.96026057414238e-11,1.08128148180033e-10,-6.54350814559869e-12
-5.87083159438032e-11,6.37234333362489e-11,-3.85549755237267e-12
4.90876675360556e-11,-5.32809474827986e-11,3.22368947923335e-12
1.53402284338827e-10,-1.66580593321448e-10,1.00846498665487e-11
-3.25259630442324e-11,3.63774714473666e-11,-2.28683165780733e-12
-0.00369716146205922,-0.00599215408528682,0.000471065031353459
6.0282727963926e-10,-6.54298145823104e-10,3.95853781044732e-11
5.08820375844732e-06,0.00129456482196204,-4.85968388585969e-05
5.92658730888529e-06,0.00150765373661377,-5.65959909370509e-05
0.00019696272817954,-0.000147121037953879,-8.18556591223515e-07
0.000701382997329327,-0.00121422458966944,4.56996368985497e-06
0.00137467002019838,-0.0023798100647746,8.95684101998619e-06
0.000714034321998184,-0.00111624050927391,1.12641562494063e-06
0.000699290569865301,-0.00123070000620949,5.14980520214099e-06
0.000699290427322836,-0.00123069985177622,5.14979588124419e-06
0.000699290675812216,-0.0012307001200027,5.14981199068025e-06
-0.00271664957417015,-0.00423745962562107,0.000326235088789598
0.000699290639801272,-0.00123070008153683,5.14980971307271e-06
0.000699290702881325,-0.00123070015081736,5.14981396977049e-06
-0.00596442439262467,-0.00996755556662944,0.000753866704384986
0.000667431120464284,-0.000658875054661639,9.96801824927134e-07
0.00230911518980083,-0.00506960155502341,-0.000131773249935135
0.000302440280214559,-0.000225907391753232,-1.25690166515414e-06
-0.0071935577516119,-0.00689224375180563,0.000626563469629217
-0.000991093910151717,0.000489504241883605,3.80162030845343e-05
6.95445435424299e-06,0.00174922701969664,-6.56625321926015e-05
6.95444952666072e-06,0.00174922702541221,-6.56625325764755e-05
6.95310326195436e-06,0.00174922848331777,-6.56626205159013e-05
6.95347482102527e-06,0.00174922808095596,-6.56625962465789e-05
0.000699289168318171,-0.00123069850064092,5.14971536672125e-06
0.000699290488791438,-0.00123069992454049,5.14980076752798e-06
0.000699290519771612,-0.00123069995762457,5.14980272580638e-06
-0.00550804948749149,-0.00678529755605572,0.000613495728340518
0.00346185650110285,-0.0076627844237784,-0.000201141011084304
0.00079239670720734,-0.00087191811516087,-1.28165264360126e-06
0.000896685425328326,-0.00155232941455888,5.84248964114141e-06
0.000699290520579147,-0.00123069995581427,5.14980240124344e-06
0.0506755957033338,0.00915633645695679,-0.0018766897536343
-0.000394710561801219,-0.00145951719244562,8.29427906516022e-05
-0.00176520402655699,-0.00291160192624476,0.000202191749365747
0.000316664343321474,-0.000234690003737928,2.3579259759555e-05
0.00071738733585243,-0.00084137823647684,2.34317039797914e-05
0.000717388063337625,-0.000841379064961117,2.34317572153146e-05
0.000717388366974135,-0.000841379424769394,2.34317814044237e-05
0.000717388592097646,-0.000841379773200144,2.34318108142636e-05
-0.00925375052032736,-0.0107885829243562,0.000960665550228095
-0.0208757605368497,-0.0232642304352825,0.00203105381943431
0.000717387376649139,-0.000841378278130721,2.34317062897107e-05
0.000717387336263454,-0.000841378227119726,2.34317026291634e-05
-0.00997085264995503,-0.0115583560202853,0.00102671070928516
0.005113413531459,-0.0207687572536231,-0.000840266333285901
-6.51916155055611e-05,0.00232615444595788,9.48848392006858e-05
-6.51915912621544e-05,0.0023261544196172,9.48848407964973e-05
-0.00151487372341171,0.000721387360323737,7.2411601524337e-06
-0.0042924458026877,-0.0050043955419696,0.000445614600483604
-0.00363457435049694,-0.00423740917985485,0.000377318570800589
0.00208708202091368,-0.00295066738364673,-7.12839366615903e-05
-0.00124778758793178,-0.0024366129817759,0.000162693155720512
0.000599689202354726,-0.000986249520667936,-6.97183664875024e-06
0.000770179973912108,-0.0010150601097165,-1.83020384537927e-05
0.000770181799394954,-0.00101506199611465,-1.83019319243822e-05
0.000770179670943415,-0.00101505979601748,-1.83020562212777e-05
0.0020870826469157,-0.00295066806055377,-7.12838959120014e-05
0.00208708301655378,-0.00295066846033612,-7.1283871838311e-05
-0.000251495173417044,0.000119762807713223,1.20214921863318e-06
-0.000778201407107812,0.000370580977988111,3.71993469725702e-06
0.0506759970652647,0.00915591559256132,-0.00187666547289789
-0.00317799193229321,0.00264247037575633,-0.000133561531409988
-0.00567291760640124,0.00498151422533802,-0.000202849270132446
0.000770180977696604,-0.00101506157758576,-1.83019193656499e-05
0.00077017753576412,-0.00101505777424665,-1.83021548736875e-05
0.000770201342793312,-0.00101508243601772,-1.83007570946726e-05
0.000717388120490031,-0.000841379173985056,2.34317675718976e-05
0.000770172112621406,-0.00101505214611864,-1.83024747264162e-05
0.000770168407574662,-0.00101504830383859,-1.83026928521581e-05
0.0506759064074161,0.00915601061083783,-0.00187667095104069
0.00100400266441633,-0.0013587312822944,-2.77078977892653e-05
0.00101318349123628,-0.00137221662010039,-2.80752533927567e-05
0.0506759687042394,0.0091559453116079,-0.00187666718580338
-0.0141760409107225,-0.0160724311137299,0.00141401008642144
0.000642518106983832,-0.000827353455425322,-1.31505754667436e-05
0.00511341342579279,-0.0207687571731955,-0.000840266335409906
-0.0253080557918393,0.0235902348250098,-0.000740557786086648
-0.0167137753676915,0.0154702847280092,-0.000503963884359177
-0.00250444657215596,0.00204518859185697,-0.000112792033038628
-0.0025044234155765,0.00204516581069704,-0.000112790843041042
-0.00250443618901166,0.00204517837972958,-0.000112791499834431
-0.00250444365514223,0.00204518574109295,-0.000112791885799908
-0.00250444536235576,0.00204518742654811,-0.000112791974364049
-0.00250444670189187,0.00204518871832439,-0.000112792039541908
-0.00250444640103637,0.00204518841769221,-0.000112792023427138
-0.00250444488692003,0.00204518677926273,-0.000112791924698718
-0.00250444443154408,0.00204518629060309,-0.000112791895582509
-0.00250444491266613,0.00204518679957899,-0.000112791925317391
-0.00250439817429874,0.00204514097688487,-0.000112789545666381
0.0506759974123481,0.00915591526230432,-0.00187666545663539
0.000729177913145766,-0.000954755733150538,-1.66435120724904e-05
0.000710864574539538,-0.000927845980039614,-1.59083550471145e-05
-0.0179034061136593,0.0165357399458936,-0.000540118514865994
0.000631397958943759,-0.000811002322993673,-1.27017046031598e-05
0.00511341337582831,-0.0207687571145155,-0.000840266339316159
-0.0253080555752743,0.0235902345905426,-0.000740557771948369
0.0506759869000638,0.0091559262776163,-0.00187666609149292
-0.0253080557236172,0.0235902347515864,-0.000740557781694401
-0.0253080557913384,0.0235902348262924,-0.00074055778631039
-0.0253080559017532,0.0235902349459329,-0.000740557793532566
-0.00260372950738396,-0.000124870834326156,0.000121722004661289
0.0108285530710125,-0.00728546653183707,0.000232647104193557
0.00677421261338404,-0.00478715775218952,0.000154546061143405
0.0590485567489889,-0.0376454887736111,0.00117607214947319
0.0590485562249507,-0.037645488208856,0.00117607211562746
0.0590485549979971,-0.0376454868805019,0.0011760720355302
0.0590485548887315,-0.0376454867623844,0.00117607202842224
0.0522132694777257,-0.0361102449356235,0.00109774079224183
0.0548131482609621,-0.0366941916610891,0.00112753497004885
0.0590485557157714,-0.0376454876548088,0.00117607208199584
0.0429163871362194,-0.0340221055483787,0.000991199371789782
0.0429163875038546,-0.0340221059715868,0.000991199399329335
0.0429163873667545,-0.0340221058147742,0.000991199389201373
0.042916406249277,-0.0340221294020514,0.000991201063717606
-0.00283677657264627,0.000534035086366722,7.89682898930848e-05
0.0258227679594782,-0.0105629305831868,0.0010747410415615
0.0429164214203018,-0.0340221494283706,0.000991202560199881
0.0429163971637215,-0.0340221174364317,0.000991200171396877
0.0429163935415024,-0.0340221125470164,0.00099119979892855
0.0429163917655257,-0.0340221101673851,0.000991199618787685
0.0429164166110309,-0.0340221429756797,0.000991202071156511
0.042916442798419,-0.0340221780292177,0.000991204722485171
-0.00299088230606984,0.000969581204454807,5.070931217918e-05
0.0429164428806192,-0.0340221779616533,0.000991204705851188
0.0429164431542543,-0.0340221782887355,0.000991204728047201
0.0429164431788742,-0.0340221782775627,0.000991204724338764
0.042916443046441,-0.0340221781380823,0.000991204716241056
-0.00260369744607658,-0.000124897673174823,0.000121722991411392
0.0429164363284975,-0.034022169155202,0.000991204037425241
-0.00260364870374112,-0.00012494103119516,0.000121724850646291
0.0429164289272677,-0.0340221593282581,0.000991203299345809
0.0306204148776587,-0.0241325738652604,0.000684395363016006
0.000306666227808973,-0.00102321586028996,-3.31892332780598e-05
9.91481924034034e-05,-0.000330816656454786,-1.07304778508376e-05
0.000627184666601966,-0.00209264999069258,-6.78775794978154e-05
0.0173279027367384,0.0172163782110666,0.00219275809624943
0.00114485387558956,-0.00381988875236799,-0.000123902438885196
0.00114485273443999,-0.00381988759786234,-0.000123902502004744
0.00114486673335111,-0.00381990169691198,-0.000123901736645949
0.00114485184262376,-0.00381988670402598,-0.000123902550150171
0.0011448770250267,-0.00381991202556624,-0.000123901179120966
0.00114485729979571,-0.003819892198763,-0.000123902251998468
-0.000573086920054366,-2.64862096810765e-05,2.67007127332966e-05
0.00676647907839997,0.0130445029610748,0.00122374963027992
-0.00285517559136556,0.000586031678149516,7.55946689403569e-05
-0.00285787020229797,0.000593647343693896,7.51005514693161e-05
-0.00190764155727556,0.000499873208687074,4.18337207396872e-05
0.00654764984738834,0.0129580631273428,0.00120367209417807
0.000344957463648385,0.00098209278116864,-8.30210268226759e-05
0.000344969187419494,0.000982080776453876,-8.30203581564713e-05
0.000344972281400703,0.000982077614771172,-8.30201825962136e-05
0.000344964181896142,0.000982085903198894,-8.30206438255515e-05
0.000344958695590081,0.000982091513155631,-8.30209556383812e-05
0.000344812026540245,0.000982241195643449,-8.30292504750079e-05
0.000344767320229956,0.000982286591765269,-8.30317466894599e-05
0.000344886491386787,0.000982165177631716,-8.30250358681156e-05
0.000228977254373994,0.000277121871067875,-4.70948896352403e-05
0.000344808116615768,0.000982245088542826,-8.30294579183657e-05
0.000344847139980879,0.000982205409880653,-8.30272715436705e-05
0.000344938164861983,0.000982112500029451,-8.3022121572922e-05
0.00117123113427907,-0.0120974094060585,0.000697474350933807
-6.85459865470294e-11,7.44213148249947e-11,-4.50434513586932e-12
2.17001592263396e-10,-2.32442126703055e-10,1.38157803309276e-11
9.87899772155636e-11,-1.07205004640915e-10,6.48436581641842e-12
3.44377513125778e-11,-3.73795666787434e-11,2.26159814047207e-12
-5.20022849505466e-11,5.64445775095764e-11,-3.41510318148468e-12
7.63561917194273e-11,-8.2878872523254e-11,5.01447117624594e-12
6.45918118894233e-12,-7.01095530819194e-12,4.24188324820914e-13
-8.31259532292962e-11,9.02703154896783e-11,-5.46515154692423e-12
-3.766202597199e-11,4.08792833272231e-11,-2.47334446462462e-12
-2.69011524142825e-11,2.91991782394371e-11,-1.76665667328358e-12
9.14510698566955e-11,-9.92632538285713e-11,6.00578802974448e-12
-1.40876860791301e-10,1.52911199674647e-10,-9.25168151416316e-12
-5.07885448618166e-11,5.51271201916381e-11,-3.33538951573062e-12
-1.29133407706225e-10,1.40163443759932e-10,-8.48030616692159e-12
4.84828705371454e-11,-5.26245107973201e-11,3.18397466712228e-12
4.47905684184264e-11,-4.86396110295746e-11,2.94469954463429e-12
8.57541348808807e-11,-8.2853176353029e-11,4.19457744774932e-12
5.97280530481517e-11,-6.48302821938772e-11,3.92246601353448e-12
-9.50685325929918e-11,1.031896801685e-10,-6.24334653151459e-12
1.92374415246492e-11,-2.08545883619903e-11,1.25968169493614e-12
-3.44320425007296e-11,3.73733874364119e-11,-2.26122565367774e-12
-7.52797987967679e-11,8.1756256272074e-11,-4.9502080067135e-12
-8.89095572881962e-11,9.65046398964328e-11,-5.83888238503952e-12
-6.89028698400712e-11,7.48721722955998e-11,-4.53670407535548e-12
5.79581902425629e-11,-6.29092354929328e-11,3.80623619263651e-12
3.67139947744808e-11,-3.99829900226361e-11,2.42973650886006e-12
-1.29625576892663e-10,1.40698755878436e-10,-8.51278247785062e-12
0.016414676018862,-0.00551440407557912,-9.71794823431942e-05
-0.00469152649846494,-0.00589126274707064,0.000540484233225166
0.00077023418361368,-0.00101511646016009,-1.82988283199158e-05
0.000834331758141609,-0.00110932121519749,-2.08760170217191e-05
0.000616945083954373,-0.000789761030101896,-1.21206268493169e-05
0.000770182294371051,-0.00101506303787518,-1.83018285209476e-05
0.000770183070507736,-0.00101506388286827,-1.83017771913142e-05
0.000708037512420956,-0.000831264453626808,2.31619021749698e-05
0.000284262334460994,0.000728362242583589,-3.05230179287089e-05
0.000508920629245319,-9.86166517260158e-05,-2.0566218920617e-06
0.000708030635867871,-0.000831259437556549,2.31617945745363e-05
0.000707890330310953,-0.000831154177038479,2.31591894779137e-05
0.000707950328830934,-0.00083119917143376,2.31603009733951e-05
-0.00260353877301574,-0.000125037878332909,0.00012172891174893
0.0343379041761592,-0.0267295085741681,0.000823187951601738
0.0394054577852581,-0.0310374674915901,0.00092243958212848
0.0381284765795264,-0.0299518977729234,0.000897429000326407
0.00260322780944678,0.00276274447848393,0.000355057471668275
0.00260322553482007,0.00276274692189812,0.000355057325875078
0.00260322664560307,0.0027627457291505,0.000355057397006497
0.00260321212891517,0.00276276132570021,0.000355056466179413
0.00260321746886418,0.00276275559007513,0.000355056808365406
0.00260322593285976,0.00276274649421725,0.000355057351402343
-0.000208183003500424,0.00180811219850647,-0.000164512032680678
-0.000318709895896228,0.00263333848943776,-0.000237664729645845
0.0134644462627415,-0.0168909873727861,-6.84491660852772e-05
0.0429126946534625,-0.0340211907366783,0.000991391533198837
0.0429126924220802,-0.0340211907506601,0.000991391728972598
0.00147690688270122,0.0105666886661583,0.00071084823291209
0.0429126949196809,-0.0340211908145851,0.000991391521023947
0.00190348620273665,0.0111408234156522,0.00077555597504769
0.0429126923805692,-0.0340211906487777,0.000991391718261168
-0.000436930502785455,-2.01945603837758e-05,2.03571463168422e-05
-3.82973332359367e-10,3.94825608913479e-10,-2.22188251490186e-11
6.57745104008724e-12,-7.13932785137019e-12,4.31955292408345e-13
1.18064428665194e-10,-1.28189105584868e-10,7.75903195617556e-12
-4.93575107939949e-11,5.40653906817121e-11,-3.31048539620859e-12
4.53808067393794e-11,-4.92574194564251e-11,2.98025062531043e-12
7.16270853993703e-11,-7.77458275768668e-11,4.70390680782693e-12
-1.99297051354148e-10,2.11789412318582e-10,-1.24513159669681e-11
-2.24918965065615e-10,2.39842886900202e-10,-1.41680844371097e-11
-2.43680611347911e-11,2.58513774630367e-11,-1.51622221545714e-12
-2.38428421057418e-11,2.58796096369445e-11,-1.56581046022739e-12
1.56563023857507e-10,-1.69825105470142e-10,1.02660520825662e-11
-4.12875583192636e-11,4.48283584589909e-11,-2.71338496705816e-12
2.48403641474171e-11,-2.69210118434542e-11,1.62551161726635e-12
-1.61408058592788e-11,1.75191956406871e-11,-1.05994031843128e-12
-0.00572457463226429,0.003899866205254,-8.33948906245845e-05
-0.000433091455464022,0.000312980480400795,-3.25435049392681e-05
-0.00697683324798068,0.00559757154659747,-0.000153315836157724
-0.00697683348675226,0.00559757180266775,-0.00015331585140297
-0.0292549822294936,0.0229852994616311,-0.000779942294738831
-0.00388892612126674,0.00362303333712326,-0.000176678528534209
-0.00388892612384448,0.00362303333618542,-0.000176678528178529
-0.00388892614803656,0.00362303336693197,-0.00017667853039793
-0.0038889261081804,0.00362303331677447,-0.000176678526811349
-0.00388892597928828,0.00362303316343098,-0.000176678516457979
-0.000353414649763459,0.00106371151532885,-0.000107805966780795
-0.00388892607196367,0.00362303327884553,-0.000176678524627061
-0.00388892537306659,0.00362303249223569,-0.000176678474792966
-0.00388892525886103,0.00362303236703822,-0.000176678467119163
-0.00552038784753557,0.00407225136085884,-8.91582217168922e-05
-0.00388892556105235,0.00362303269295044,-0.000176678486670497
-0.00388892558339932,0.00362303271898727,-0.000176678488388327
0.0267103128289253,0.0170925582590009,0.00274293413992171
-0.00388892574515142,0.00362303290022572,-0.000176678499807528
-0.000417026600985693,0.000726565320910037,-7.75386765611597e-05
-0.00260369690529889,-0.000124899598004748,0.000121723214931842
0.000102980699142481,0.000396692122096781,-4.85248622775571e-05
0.000102435322750683,0.000253114826238291,-3.31266941651397e-05
0.00338894235548309,-0.00270113433063593,8.93337245677765e-05
0.001452100050305,-0.00115738680384558,3.8277867770053e-05
0.00118400623076052,-0.000943704353631399,3.12108159595301e-05
0.0142681252677462,-0.00380655130016361,0.000755165369507308
0.0265812686855113,-0.012929303247371,0.000920774842804124
0.00756415235128622,0.0051377822877712,0.000813933725710091
0.0429163959483593,-0.0340221158631462,0.000991200055874129
0.0155342332506196,-0.00351215159979863,0.000846189153206259
0.0149679530982703,-0.00374812548698101,0.000800108090061928
0.0429126525469595,-0.0340211838808948,0.000991394227000376
0.00236756108959951,0.0113068939531988,0.000820150000426335
0.0429126536676551,-0.0340211839929766,0.000991394145411395
0.04291266514475,-0.0340211856344464,0.00099139337922242
0.00236756161859512,0.0113068932669556,0.000820150050913365
0.0429126551117968,-0.0340211843467795,0.000991394069696766
0.0429126565757014,-0.0340211847435653,0.000991393998305757
0.0197641570541639,0.0104926308388106,0.00197889099331057
0.00236756158513444,0.0113068933282035,0.000820150045212854
0.0429126589367856,-0.0340211849404153,0.000991393820893514
0.0429126559557796,-0.0340211844887076,0.000991394016336075
0.00236756163687164,0.0113068932412777,0.000820150052934302
0.0429126537646656,-0.0340211839016397,0.000991394124150415
0.00236756163329011,0.0113068932387298,0.000820150053603411
0.00236756151486782,0.0113068933640397,0.000820150046280051
0.00236756137076585,0.0113068935946758,0.000820150026386359
0.0288287837379497,-0.0175307480983812,0.000921100513544664
0.00236756143817766,0.0113068935093434,0.000820150032522467
0.00236756156933159,0.0113068933725531,0.000820150040353274
0.0377931342426389,-0.022078697655088,0.000998730809456648
0.0228632565415118,-0.011668010003378,0.000865467908574456
0.00236756103715393,0.011306894006234,0.000820149997528832
0.00236756133852331,0.0113068936318947,0.000820150023956672
0.00236756160683376,0.0113068932957082,0.000820150047894496
0.00236756142305059,0.0113068935500826,0.000820150028111541
0.0023675615305123,0.0113068934211651,0.000820150036893818
0.006038236844131,0.0036631189939224,0.00063106779758333
-0.00260361952795081,-0.000124967118321398,0.000121725982395815
-0.00260364098300336,-0.00012494861362192,0.000121725245562891
0.0429164429997018,-0.0340221780849125,0.000991204712829001
0.0123987910506807,-0.00226036404247139,0.000710245370864904
-0.00260441612272641,-0.000124258766997533,0.000121695631778359
-0.000267696671693978,0.00261564377517621,-0.000242151339102571
-0.00286870919325644,0.00062428058166714,7.31130160803622e-05
-0.000483936793013252,0.00226272257029778,-0.000212801427055817
-9.03802556962829e-05,0.00125947935062779,-0.000129465690366268
0.000167169572928508,0.00065018955878892,-7.94382111123878e-05
-0.00260380615733618,-0.000124802949143019,0.000121719122741331
-0.00090421112376466,0.000332720910435613,-1.90300694203769e-05
0.0276539183375489,-0.0172134685063003,0.000546874325632896
0.0396465984735182,-0.0250433193494462,0.000787785467039022
0.0246194225984982,-0.0135699535425131,0.000914131710417107
0.0429126626697967,-0.0340211849239376,0.00099139349434351
0.00236756028844128,0.0113068949065795,0.000820149936039018
0.00236755995365517,0.0113068952681189,0.000820149914312262
0.00236756010704006,0.0113068951015313,0.000820149924399411
0.00236755956682086,0.0113068956833823,0.000820149889556698
0.00236755934754845,0.0113068959121851,0.000820149876449531
-0.0031842565865318,0.00151611056600452,1.52495524630698e-05
0.0144886372469494,0.0349250034785753,0.00319466552020104
0.00236755973330805,0.0113068954695491,0.000820149905144925
0.0364126476781461,0.0188707346384236,0.003614341390118
0.0329617454183079,0.0158259377829906,0.00319956124578342
0.000174654872721374,-0.000154557482664975,-5.4636572997727e-06
0.0429126579101097,-0.0340211846473267,0.000991393868880531
-0.00105416701119133,-4.87229279468327e-05,4.91149991660213e-05
-0.00099741098364206,-4.60988795115895e-05,4.64705835861552e-05
-0.00434644969192445,0.00275550651120399,-3.41098606587185e-05
0.000138084493751107,0.00327790862110405,-0.000297227154034212
0.050938669384176,-0.0358239868369836,0.00108313597754193
-0.00407797879743001,-0.00360297254329564,0.000275006773394251
-0.00260464597465477,-0.000124053813535419,0.000121686795119157
-0.00697683366046575,0.0055975719885679,-0.000153315862438324
-0.00697683344280192,0.0055975717552342,-0.000153315848554773
0.0126855325794568,-0.00970768097418654,0.000236885837919771
-0.0494836369571798,0.0384261151601349,-0.00126102672289238
-0.0494836371810978,0.0384261154089719,-0.0012610267384113
-0.0494836369959952,0.0384261152089715,-0.00126102672638375
-0.049483637026797,0.0384261152409827,-0.00126102672820677
-0.0494836373388954,0.0384261155844546,-0.00126102674936517
-0.0494836373203842,0.0384261155633346,-0.00126102674800511
-0.0494836369627842,0.0384261151729402,-0.00126102672420506
-0.0494836373074429,0.0384261155519444,-0.00126102674752855
-0.00278198384482822,0.000379179258235993,8.9015599762058e-05
-0.00260364264054507,-0.000124946804312587,0.000121725135279053
0.0429133955071534,-0.034021364015526,0.000991355009663402
0.0429147261591812,-0.0340217195488651,0.000991289395470617
0.0429139357714937,-0.0340215084417658,0.000991328379797623
0.00122802957780114,-0.000124088968552115,1.74148139354829e-05
0.0211757477631042,0.0462249072951215,0.00440642723430477
0.0429127190379772,-0.0340211946646884,0.000991389967236402
0.0429130864592982,-0.0340212816300019,0.000991370275191475
0.0429129680351345,-0.0340212507792431,0.00099137622577276
0.0181974818569576,0.0392554040532989,0.00375675623526064
0.0255935419232257,0.0565630810635574,0.00537011309197686
0.0255935418524541,0.0565630811402379,0.00537011308734835
0.0255935417234925,0.0565630812802528,0.00537011307887399
0.0255935417027929,0.0565630813027349,0.0053701130775126
0.0429128351210115,-0.0340212194829297,0.000991383372283162
0.0429127446622208,-0.0340211997261975,0.000991388452879806
0.0429126959796345,-0.0340211898461118,0.000991391292866898
0.0429126808793701,-0.0340211871738426,0.000991392228897954
0.0429129512978129,-0.0340212483471433,0.000991377337741653
0.0429129169449049,-0.0340212379722016,0.00099137886357081
-0.00260416550533224,-0.00012448142989183,0.000121705153410953
-0.00260393214700426,-0.000124690133055094,0.000121714212440789
-0.00260365662857919,-0.000124934300217915,0.00012172459311052
-0.00260376551716904,-0.000124839155322406,0.000121720680700275
-0.0155798644035915,-0.000433341862773441,0.000529935972887394
-1.22371978381317e-10,1.32824984274984e-10,-8.03634772705436e-12
8.98677781503262e-11,-9.75447371664692e-11,5.90181370570882e-12
8.28307596074697e-11,-8.99065156452094e-11,5.43966811107439e-12
0.0051134199979401,-0.020768763923686,-0.00084026595763767
0.00016972620020274,-8.35147131579395e-05,-2.87161151643576e-05
0.0264211548100012,0.0144121935147215,0.00262591711434433
0.0244508236970875,0.0125135965232225,0.0024193007564204
0.0490288037163212,0.0297385414651334,0.00510130871146842
0.0490288035942521,0.0297385415970729,0.00510130870353019
0.0490287881920187,0.0297385583427427,0.00510130768814063
0.0490288029199542,0.0297385423303903,0.00510130865904842
0.0490288026631177,0.0297385426096878,0.00510130864210824
0.0490288012274207,0.0297385441707223,0.00510130854744456
-0.000787356312275586,0.000374941555945507,3.76357752386736e-06
0.0163324644697081,-0.0114519404436026,0.000442617095656495
0.0302145612666702,0.0223067394780912,0.00337510625484401
0.0490287857353062,0.029738561016755,0.00510130752575838
0.0490287969223326,0.0297385488513213,0.00510130826363153
0.0490287846323386,0.0297385622178578,0.00510130745277415
0.0490287929893368,0.0297385531270448,0.00510130800439471
0.0406226921311856,0.0264180593984714,0.0043300500767241
0.0353126459576421,0.0243205347043346,0.00384285443259646
0.0490287943143194,0.0297385516878307,0.00510130809155592
0.0115329215761393,0.0149273000442728,0.00166106977653587
0.023739327257173,0.0197489486356643,0.00278100478703127
0.0490288040807116,0.0297385410681433,0.00510130873560551
0.0490288040680608,0.0297385410830779,0.00510130873460565
0.00827239729606911,0.00537977880831683,-0.0016974328017123
0.00324427438646719,-0.000327823955013657,4.60073421757846e-05
-0.0166022978244173,-0.0198827650200532,0.00162985551133724
0.00237537366804482,-0.000240024521630732,3.36853991264009e-05
0.00324427464871654,-0.000327824251581282,4.60073610727499e-05
0.00324427451168579,-0.000327824058634788,4.60073458608938e-05
0.00324427443456587,-0.000327823978751234,4.6007341333693e-05
0.00324427461627425,-0.000327824164451498,4.60073516465022e-05
0.00324427449072856,-0.000327824036868467,4.60073446224731e-05
0.0032442742950474,-0.000327823825194579,4.60073318733131e-05
0.0032442744562413,-0.000327824014178955,4.60073444295461e-05
0.00324427434806915,-0.000327823889373551,4.60073362867681e-05
0.00324427407931534,-0.000327823597809565,4.60073186579352e-05
0.00324427413187286,-0.000327823653779457,4.60073219581036e-05
0.00199515051426008,-0.000219190973933386,2.53079027411554e-05
0.00324427434599017,-0.000327823912358753,4.60073396974286e-05
0.00324427419727891,-0.00032782375498734,4.6007330499463e-05
-0.00542454305837964,-0.00620219067510834,0.000475762668645156
0.00225083804547125,-0.000424022871229947,6.42788564969742e-05
0.00324427452030136,-0.000327824101522437,4.60073511394709e-05
-0.0160459017745266,-0.0195018272122178,0.00159343285488063
-0.0116622780569629,-0.00921710431024536,0.000890685954237481
-0.0191760528616129,-0.0210790346403243,0.00176849989648154
-0.0191760508812512,-0.0210790367924822,0.00176850002690492
-0.0191759984825887,-0.0210790938263069,0.00176850349038406
-0.0191760518472202,-0.0210790357426903,0.00176849996328424
-0.010739456077469,-0.0119118496097583,0.000970012274670243
-0.0191760508774853,-0.0210790367985535,0.00176850002743099
-0.0191760474741647,-0.0210790405022071,0.00176850025228415
0.000488424268671709,0.000772535850399013,-9.49432128215685e-05
0.00140189999760748,-0.000506235558449592,7.98931585024436e-05
0.00207519256887774,-0.000441035242423064,6.75096376284761e-05
0.000678667960777092,-0.000576271916744792,9.31951902854674e-05
0.000678668047226731,-0.000576272010742048,9.31951959856613e-05
0.000678667956783669,-0.000576271913306459,9.31951901491525e-05
0.000678668043115928,-0.000576272005556744,9.3195195614049e-05
0.000678667943667313,-0.000576271898789886,9.31951892484625e-05
0.00511341943622749,-0.0207687633154027,-0.000840265994327916
0.000678646576041103,-0.000576248877117403,9.31938100600575e-05
0.00067866796778848,-0.000576271927085649,9.31951911296389e-05
0.000678667997763406,-0.000576271959341989,9.31951930589267e-05
0.000678668108381669,-0.000576272079447044,9.31952003287018e-05
0.00067864268350881,-0.00057624469049981,9.31935598300918e-05
0.000678635597451017,-0.000576237050915602,9.31931017526216e-05
0.000613906155017773,0.000589362092895139,-0.000105334882423603
-0.0177563958926191,-0.0204191860250393,0.00169202518617015
-0.0191760482220956,-0.0210790396964319,0.00176850020401578
-0.0191760542343055,-0.0210790331493103,0.00176849980618499
0.00511341884571769,-0.020768762673448,-0.000840266033248598
0.00198689758327619,-0.000531844766681367,2.0743062660551e-05
0.000678612071303557,-0.000576211706316157,9.3191583618027e-05
0.000678616643725559,-0.000576216637694358,9.31918794522116e-05
0.000678624609568338,-0.000576225219425416,9.31923935091823e-05
0.000678610239427069,-0.000576209731892241,9.3191465273763e-05
0.000678612780960762,-0.00057621247308479,9.31916297293652e-05
0.00282900817965111,-0.000368026396201577,5.36443382174091e-05
0.00270905654855633,-0.000379638965681287,5.58503187808266e-05
0.00222781218342503,-0.00281885564723447,-5.53776980967299e-05
0.00270905655114167,-0.00037963896208139,5.58503180503755e-05
0.00252863788621845,-0.000397105757332975,5.91683347884533e-05
0.00511342103114721,-0.0207687650468934,-0.000840265889540383
0.00270905662337605,-0.000379639010839909,5.58503186279804e-05
0.00511342118745609,-0.0207687652168855,-0.000840265879228797
0.00270905650900744,-0.000379638913223141,5.5850314844215e-05
0.00270905657087961,-0.00037963896923427,5.58503173410966e-05
-0.0141880209150414,-0.0169570070663707,0.00139706661929576
-0.0131065485568109,-0.0156414551834535,0.00129250779756199
0.000344971899358009,0.000982078006876754,-8.30202045136183e-05
0.00278158464254403,-0.000372617620107099,5.45164943194207e-05
0.00477080265824676,-0.00334266273266455,0.000213467713446886
0.00270905666633926,-0.000379639081128202,5.5850324773668e-05
-0.000487994777577233,0.000435589938390876,-9.93216175366591e-05
-3.37500484499296e-05,4.16216655424683e-05,-2.43624572972107e-05
0.000678616571266867,-0.000576216558724795,9.3191874648569e-05
0.000678620231586059,-0.000576220505926314,9.31921114039994e-05
0.000530729743708663,-0.00227923942892127,0.000143537040775747
0.000304832439035915,-0.000252032289420483,3.15101813969732e-05
-0.00125647159483717,-0.00204392592506488,0.000130981647654636
0.000408412692637371,-0.000341867839291112,4.86029309244357e-05
-0.00311337533741954,-0.00138015176875954,0.000128888878851626
0.00511341950703847,-0.0207687633916942,-0.00084026598975749
0.0013849755713358,-0.00042213096660535,6.38979285921985e-05
-0.0146195402359715,-0.0190616441276408,0.00152834431802828
-0.0191759994022457,-0.0210790928325243,0.00176850343061161
-0.0191759994021834,-0.0210790928315658,0.0017685034304715
-0.0191759983918048,-0.0210790939259147,0.00176850349649622
-0.0191759980851167,-0.0210790942568248,0.0017685035163593
-0.0191759981371304,-0.0210790942011977,0.00176850351306006
-0.00155517812151539,0.0037542839066422,7.3884505407375e-05
-0.00155517799600464,0.00375428376223012,7.38845147994026e-05
-0.00155517745299898,0.00375428312808039,7.38845567494951e-05
0.0051134204855508,-0.0207687644531416,-0.00084026592558841
-0.00210582885535522,0.00427204289445612,7.64267627820829e-05
-0.00232330205163554,0.00110624643666076,1.11193384826741e-05
-0.00210582911078422,0.00427204316740839,7.64267466113193e-05
-0.00210582892805396,0.00427204297179189,7.64267582288892e-05
-0.00210582911214066,0.00427204316902155,7.64267465024472e-05
-0.00210582892711199,0.00427204296928505,7.64267584993451e-05
-0.00210582909512263,0.00427204315089011,7.64267475722254e-05
0.0184258014035513,-0.00469094460823391,-0.000199661756995438
0.00268896870045573,-0.011449982919242,0.000618783387240888
0.00034469901806573,0.000982355602101924,-8.30355118147065e-05
0.000344679469653741,0.000982374968068412,-8.30365352902915e-05
0.00270905654889513,-0.000379638948375245,5.58503163194061e-05
-6.9650035974157e-05,0.000857999012763527,-0.000177654420797537
7.75223424585111e-05,0.000995729137811213,-0.000210810664740377
0.000189601494242206,0.00108160935383474,-0.000242511882894508
0.000168955094264818,0.00106578826243377,-0.000236671955009486
0.000168534606553805,0.00106546624171572,-0.000236553054325645
0.00114519348946782,-0.0038202465810229,-0.000123881652959448
0.000678354888842503,0.00049527201709904,-0.000110674447745622
0.0138505476639484,0.00622985005019236,0.00124401258916403
0.00114520736963883,-0.00382026131328708,-0.000123880788301844
0.00114526877718578,-0.00382032648697168,-0.000123876963462018
0.00114525753697532,-0.00382031456214802,-0.000123877662903789
0.00114527191681971,-0.00382032982048901,-0.000123876767719535
0.00114527340737992,-0.00382033139771495,-0.000123876675545882
-0.0256002827968602,-0.00129782167925059,0.000892374229528861
0.00114527117470545,-0.00382032902787535,-0.000123876814643572
0.00114527258362087,-0.00382033053219069,-0.000123876725624166
-0.0256002826912488,-0.00129782179396168,0.000892374236475526
0.00736507828971547,-0.0133899645111368,-0.000260523019320775
0.00601674210310059,-0.0120452464016738,-0.000276432065219364
-0.0256002827184033,-0.0012978217643861,0.000892374234677982
-0.0158699425448849,-0.0192513838164439,0.00157506084401561
0.00114511131397846,-0.00382015936139133,-0.000123886771959111
-0.0122041003817515,-0.0145319276363554,0.00121857349054492
0.00511341833087777,-0.0207687621144888,-0.00084026606707881
0.000180306935431993,-0.000144030802575191,1.09610855646786e-05
-0.0191760521580574,-0.021079035401539,0.00176849994234239
-0.0191760552049458,-0.0210790320914759,0.00176849974183986
-0.00286112509139699,-0.00335113921412933,0.000224352250173194
-0.00249527682381839,-0.002953580183536,0.000189724162981909
0.000678399400879742,0.000495231621860801,-0.00011067263742298
0.000678401693732727,0.000495229510307705,-0.000110672539849062
0.000748812186769007,-0.00337419824134176,0.000229801881545573
0.000678400039049225,0.000495231031538233,-0.000110672609897861
-0.0147549076673681,-0.0159112898490592,0.00134655564116922
-0.016135353255997,-0.0190008716205787,0.00156964346344578
-0.0129751089023063,-0.014341105965243,0.00118160731723633
-0.0145671057832751,-0.0160709659839725,0.00133228299242927
-0.00459834653832425,-0.00523886942711222,0.000388777865947968
-0.00689400954842068,-0.00773339661056802,0.000606057266177354
-0.0191760403703415,-0.0210790482339606,0.0017685007217709
-0.0191760215854926,-0.0210790686830053,0.00176850196377428
-0.0107142931887045,-0.0118845091565449,0.000967630822779523
-0.00834548294366555,-0.00931056399706589,0.000743432982907248
-0.00614794104909071,-0.00692271265894399,0.000535444523956106
-0.00621860368725073,-0.00699949687802213,0.000542132611626482
-0.00155517810843042,0.0037542838869003,7.38845070450979e-05
-0.000379706091555233,0.00084854189133756,-9.76976243862113e-06
-0.000557008870231258,0.00229793460242336,-8.56395678758741e-06
-0.00182390676420729,0.0040069606949378,7.5125184616365e-05
-0.00155517789346435,0.00375428364289601,7.3884522662494e-05
-0.00155517820471528,0.00375428399724519,7.38844999018961e-05
0.000299660489164168,0.00104800404692347,-7.93342524090531e-05
0.000344576991325314,0.000982477624112879,-8.30420600204768e-05
-0.00151416620670849,0.000721051006922428,7.23771065325224e-06
-0.0165855472800927,-0.0197140917771357,0.00162043715089872
-0.0165858911762733,-0.0197137601594228,0.00162042042032067
-0.0165863175519735,-0.0197133490206724,0.00162039967902299
-0.016586540539631,-0.0197131339931631,0.0016203888304577
-0.0165865068478742,-0.0197131664832138,0.00162039046973653
-0.00382658165922801,-0.0143233863440234,0.000961611370462265
-0.00301462598711296,-0.00379705879842824,0.000276296962133907
-0.00391194989123627,-0.00468341270290465,0.000349335476144703
-0.00289931471077607,-0.00352503099198632,0.000242340813831685
0.000459383862776711,0.000335349686297307,-7.4942836516168e-05
-0.00969125475547319,-0.0114955388949578,0.000984686851682169
0.00260661572121984,0.000534021702465928,-0.00109527693413381
0.00798835582040725,0.000831059655866187,-0.00290639237152098
0.0180045305951127,-0.00487331810888161,-0.000177659633434798
-0.00551399598121959,-0.0148455208565353,0.0010386854531696
0.000859504847048273,-0.00067966534938957,-2.4587864820059e-06
0.00147664932739687,-0.00195376348583313,-2.66840298640922e-05
0.0170523699839218,0.00226256959259403,-0.00622098351528083
0.0121984349989145,0.00161853168364823,-0.00445018848618831
1.96045616153195e-10,-2.1240169654969e-10,1.2819780573333e-11
0.000479577002897988,-2.11894816971455e-05,-2.71925109607027e-06
0.033542575885308,0.00445055075388776,-0.0122368809125503
0.0265048987634806,-0.00125789291664262,-0.000617882821450047
0.00669909649492683,0.00633600455605869,-0.000508593428386055
0.00669909630197791,0.00633600476355863,-0.000508593440785991
-0.00186683221562922,-0.00300487857557561,0.000209948584311602
0.000155714516833902,-0.000172704831448317,4.89050883875638e-06
-0.0082490494424232,-0.0137539588976196,0.00104326733915886
0.000637624840349908,-2.81650177836036e-05,-3.61591863336828e-06
0.000654669347037319,-2.8918838448477e-05,-3.71251273261282e-06
0.000698912564487217,-3.08769108840092e-05,-3.96315445613364e-06
0.000628490210088969,-2.77622730048727e-05,-3.56406569641529e-06
0.000562229033695265,-2.48377147549158e-05,-3.18814564156178e-06
0.0137880178005003,-0.0078488801994153,0.000421090447313709
8.46103914770784e-11,-9.17964156730956e-11,5.55067193413961e-12
0.000664242470025366,-2.93431514790163e-05,-3.76670186909834e-06
0.000806206928064453,-3.56188826460996e-05,-4.57143483059067e-06
-0.00055248658638912,0.000126723891895278,2.26656844492378e-06
-0.0123146970451324,-0.0138718677780997,0.00121690696972129
-0.00749046511910879,-0.00843762489153282,0.000740188985152997
-0.000296456327042735,6.79982638395351e-05,1.21620361353444e-06
-0.000552486182389597,0.000126723453664122,2.2665949371003e-06
-0.000552486165633513,0.0001267234355211,2.26659603125951e-06
-0.000552486598355201,0.000126723904647195,2.26656769230196e-06
-0.000552486506370956,0.000126723805096998,2.26657369210074e-06
-0.000552486581979606,0.000126723887179702,2.26656872458224e-06
-0.000247149301596113,0.000117693063057581,1.18140115729865e-06
-0.000552486686461422,0.000126724000578688,2.26656186418743e-06
-0.000552486411199869,0.000126723702055476,2.26657990571405e-06
-0.000109161430064596,5.19829198560559e-05,5.21804207095061e-07
-0.000552486192670304,0.000126723464798233,2.2665942654341e-06
0.000322533089735848,-0.000382087863271552,1.07469286041179e-05
0.00669909712288659,0.00633600389482999,-0.000508593390009729
0.0066990967375973,0.00633600430216832,-0.000508593413785801
0.000190827231068696,-0.000226062482202158,6.3585576069001e-06
0.000123636952505451,-0.000146465687553901,4.11976027008893e-06
0.000126923307865195,-0.000150358849449088,4.22926538646877e-06
-6.24972386664423e-11,6.78360590931943e-11,-4.10432919874324e-12
3.33531263968601e-10,-3.62728840345989e-10,2.20028911823148e-11
4.36339062015328e-10,-4.74317545803434e-10,2.87542997976466e-11
3.02590668478973e-10,-3.29024644650035e-10,1.9954021223049e-11
7.40461804614624e-11,-8.03646612691918e-11,4.86180263550175e-12
1.23411329537566e-10,-1.34075603417097e-10,8.12181607611197e-12
1.93647569920694e-11,-2.09422477497145e-11,1.26094130028144e-12
1.94924244772088e-11,-2.1157555052239e-11,1.2801086838755e-12
2.47955222983929e-11,-2.69136663066855e-11,1.62837417251236e-12
7.20789419989302e-11,-7.82362095980764e-11,4.7335707558477e-12
-8.88190251967308e-11,9.64063661325797e-11,-5.8329358250745e-12
1.6129370697774e-11,-1.75072104285297e-11,1.05924932454739e-12
-6.44315769759023e-11,6.99356256891966e-11,-4.23135965180103e-12
1.21535046589837e-10,-1.31917127479371e-10,7.98146467684572e-12
8.69894396298013e-11,-9.44204799407191e-11,5.71278178441789e-12
-1.19266715892576e-11,1.29455012980729e-11,-7.832496812064e-13
-8.0541567790989e-11,8.74218029594305e-11,-5.28933657334168e-12
-4.92510676081209e-11,5.34528053869053e-11,-3.23364735665311e-12
4.52908622582465e-11,-4.91598311987108e-11,2.97434935806741e-12
1.00383102783997e-10,-1.08966778224641e-10,6.59356530843525e-12
0.0264862547705324,-0.0155081078318926,0.000852361596870197
0.0206521933921878,-0.0037087136353407,-0.000316804091348448
0.000404687441925285,-0.000480490315874745,1.35260987467459e-05
0.00511341423025958,-0.0207687579244491,-0.000840266299714442
0.000500293624940748,-0.000595019211864805,1.67608485068805e-05
0.000455465381328507,-0.000505162105795581,1.43047402363462e-05
0.000557849210500788,-0.000673054050320192,1.90609256587038e-05
0.000666590590514736,-0.0007777157092801,2.17464070956911e-05
0.000548736610731956,-0.000667034762109566,1.89418098226269e-05
-0.000799244456557621,-0.0020248488582703,0.000128452152814806
-0.00170645686336197,-0.00285767057667105,0.000197707005493519
-0.00173398719383894,-0.0028829437241269,0.000199808638247241
-0.00241111496922673,-0.0035045274381174,0.000251497865534721
0.0506756038133733,0.00915632776625213,-0.00187668923678851
-0.00127138413749858,-0.00245827472735962,0.000164494477211183
0.0506755983929503,0.00915633357957098,-0.00187668958290229
-0.000101627406657875,0.000350740278973612,1.87950827265102e-05
-0.000193649151326283,0.000537916793529106,2.37671725682349e-05
-0.000193649112875801,0.000537916751415328,2.37671751465741e-05
-0.000193649081451539,0.000537916717433468,2.37671771924525e-05
-0.0015155687335409,0.000721718261104741,7.24449041541251e-06
-0.000193649236257143,0.000537916885181854,2.37671670655869e-05
-0.000193649097624142,0.000537916735071027,2.37671761186408e-05
-0.00151080318263532,0.000719448325567861,7.22177813743984e-06
-0.000193649249962195,0.000537916899994688,2.37671661743954e-05
-0.000193649237379566,0.000537916886402204,2.37671669915878e-05
-0.00153980072426471,0.000733254222015919,7.36072173882691e-06
-0.000193649164246881,0.000537916807012497,2.37671717957289e-05
-0.00191186491433777,0.000910378294933719,9.14560518950132e-06
0.0506755941855933,0.00915633808445246,-0.0018766898505114
0.00669909671053554,0.00633600434649345,-0.000508593417664074
-9.46159364781742e-11,1.02698412429461e-10,-6.21362234816406e-12
-0.0513210380106211,-0.0559452745529056,0.00483503476953964
-0.0508370863886889,-0.0554257944417157,0.00479046407209867
-1.86705898693925e-06,0.000147823163036966,1.34048727686112e-05
0.00669909710224905,0.00633600392842123,-0.000508593392937619
0.0506755953609449,0.00915633682559533,-0.00187668977569828
0.0506760284754023,0.00915588268745581,-0.00187666357710938
0.00108154839506491,-4.77860980706196e-05,-6.13253900249143e-06
0.000790364785705555,-0.00082884723308654,2.37139372073171e-05
0.00108154794695509,-4.77856116901264e-05,-6.1325684295521e-06
0.00108154793303948,-4.77855967417246e-05,-6.1325693215095e-06
0.00108154853486578,-4.77862489554764e-05,-6.1325299421043e-06
0.00108154863514163,-4.77863584723753e-05,-6.13252326192191e-06
0.00108154852954934,-4.77862436817646e-05,-6.13253022142718e-06
9.6562571475052e-11,-1.04727736234488e-10,6.3297136319133e-12
0.00108154836245291,-4.77860624975976e-05,-6.13254116880887e-06
0.00511734454768971,-0.0104296131023874,0.000493696273028433
0.0114895837344921,-0.00766429286390527,0.000160790215522167
-0.000311423441949638,-0.000161728177886325,8.03267306435903e-06
-0.000311423340922314,-0.000161728288036762,8.03267976830263e-06
-0.000193485150898566,-0.000100482650829744,4.99076159566675e-06
4.59247130634515e-06,0.00116957923958586,-4.39050985869499e-05
-7.5536867765392e-11,8.19389756373121e-11,-4.9535559280394e-12
-1.94317847608406e-10,2.10917379091878e-10,-1.27612672376515e-11
2.27896073897613e-10,-2.47362549035465e-10,1.49662151765928e-11
-2.99323064840898e-11,3.24892531660231e-11,-1.96571700153199e-12
6.93343139342965e-12,-7.69982291031137e-12,4.79799002380942e-13
-1.30775210091371e-10,1.4194657538538e-10,-8.58827843280953e-12
-6.05551007780941e-11,6.57292496675527e-11,-3.97695840201208e-12
4.75260631194206e-11,-5.1607856608065e-11,3.12421495599403e-12
2.32929091350224e-11,-2.55754463862163e-11,1.57083405227254e-12
-6.51916518932649e-05,0.00232615448560789,9.48848367894016e-05
0.000129926191312729,0.00136485353745478,-6.8188178202495e-05
0.000212732578403194,0.00110609347248532,-6.98860316826461e-05
0.00022814118480236,0.00105794273187497,-7.02019971495899e-05
0.000258840387662986,0.000962012208549796,-7.08314158591987e-05
0.0023689075575943,-0.00410102136539926,1.54348533010545e-05
0.00236890740077223,-0.00410102119603379,1.54348431221031e-05
0.00236890743369758,-0.00410102123099791,1.54348451756351e-05
0.00236890726313147,-0.00410102104549155,1.54348339222371e-05
0.00236890732832072,-0.00410102111616772,1.54348381918558e-05
0.00236890730363218,-0.00410102108948983,1.54348365873191e-05
0.0023689075759972,-0.00410102138513477,1.54348544759749e-05
0.000705690159383168,-0.00118093092933245,3.40009502998644e-06
0.000709795171542841,-0.00114910770030494,2.28160871071656e-06
6.87865182910038e-06,0.00174930897268556,-6.56674646418905e-05
-0.000167453307806902,0.000988389461683919,4.67878936783851e-05
0.000699798307501237,-0.0012267183499233,5.00972428743906e-06
0.000704632610680081,-0.00118917742173934,3.69008162799699e-06
0.000730403814385681,-0.000989186452752705,-3.33960623275906e-06
0.000726995037575473,-0.00101563291563006,-2.41003280593579e-06
0.000729907133011893,-0.000993034014013933,-3.20438545493731e-06
-0.000979247283648341,0.000504462677684903,3.67851406029999e-05
6.95453172942809e-06,0.0017492269398162,-6.56625276880216e-05
6.95380157777968e-06,0.00174922772892468,-6.56625751585698e-05
6.9516379203277e-06,0.0017492300671634,-6.56627158103552e-05
6.94848509921634e-06,0.00174923347475411,-6.56629208168495e-05
6.95075722483725e-06,0.00174923101916088,-6.56627730950637e-05
6.93775835092813e-06,0.00174924507059979,-6.56636186278269e-05
6.93289003823597e-06,0.00174925033374869,-6.56639353838583e-05
6.92484688532529e-06,0.00174925902867613,-6.56644586328588e-05
6.91284837725913e-06,0.00174927200081631,-6.56652393861358e-05
6.89692794403514e-06,0.00174928921342223,-6.56662753834491e-05
6.88768505673818e-06,0.00174929920667164,-6.56668768735816e-05
6.86873469936328e-06,0.00174931969344971,-6.56681098032151e-05
6.86871561645872e-06,0.0017493197139285,-6.56681110235076e-05
6.8858822072288e-06,0.00174930115468999,-6.56669940284065e-05
6.86872209788099e-06,0.00174931970682747,-6.56681105885932e-05
6.8756826427565e-06,0.00174931218227738,-6.56676577745855e-05
6.86875687843338e-06,0.00174931966851194,-6.56681082252402e-05
6.86872323127652e-06,0.0017493197049784,-6.56681104271933e-05
0.000257487840212072,0.000187965996029922,-4.20060011175395e-05
0.000402356939144872,-0.00069655455649208,2.62163702643753e-06
0.000412488732663933,-0.000714094541224016,2.68765549018556e-06
6.9248859316077e-06,0.00174925894832949,-6.56644507335608e-05
6.91784571660419e-06,0.00174926656199138,-6.56649091500938e-05
6.90553882869176e-06,0.0017492798818556,-6.56657119822958e-05
0.000348285246337044,-0.000159865069121746,-2.1316385441008e-05
-0.000241194076255872,2.15162312839082e-05,1.20179936267085e-05
-0.00022273305426516,0.000288597925613002,2.17107800120804e-05
-0.000311422939918758,-0.000161728723670188,8.03270615565794e-06
-0.000244054775208697,-4.06078854991384e-05,9.69699525507935e-06
-0.00034205597125091,0.00130879491513526,-2.94128713538195e-05
0.000720034741548821,-0.00106965569678097,-5.11103032172187e-07
0.000716498442969263,-0.00109710423689753,4.53732028240484e-07
0.0506759916490631,0.00915592131315234,-0.00187666580634716
0.000266365666748755,-0.00228666633187436,-3.89331800563853e-05
0.000266366013944455,-0.0022866667084072,-3.89331573005411e-05
0.000266320221784392,-0.00228661705725985,-3.89361571507973e-05
0.000266321921288963,-0.00228661890019529,-3.89360457864459e-05
0.000266325852965101,-0.00228662316338979,-3.89357881952825e-05
0.00264845533535983,-0.0102730390127151,-0.000407392015449064
0.000266334237457381,-0.0022866322545264,-3.89352389165402e-05
-0.00104335742805131,0.000113953397235649,-7.11559428411541e-05
0.000266344561547535,-0.00228664344795646,-3.8934562680989e-05
0.00026636381844505,-0.0022866643272257,-3.89333012212146e-05
0.000266361325496754,-0.00228666162334591,-3.89334646535006e-05
0.000266361380662415,-0.00228666168314154,-3.89334610422524e-05
0.000266358322977009,-0.00228665836786631,-3.89336613394152e-05
0.0506759941077284,0.00915591873450884,-0.00187666565753643
-0.000297892541996713,-0.00125242536194227,-5.28154764486411e-05
0.0269342103245187,-0.00102243629916294,-0.000642900575017559
-0.0421440706966705,-0.0460945996379704,0.00398986001288076
0.00371012583518678,0.0030727862319186,-0.000257699360776495
-4.69843444526983e-05,-0.000876976158446603,3.60045570498125e-05
0.00041742272306924,-0.000955450446596941,5.14114521049646e-06
0.00149585397853607,-0.00208166864017372,-4.74974110908244e-05
0.0506759937254043,0.00915591908576451,-0.00187666567368881
0.050676017303388,0.0091558943878174,-0.00187666425093105
0.00208707279970556,-0.00295065742862901,-7.12845346621547e-05
-0.000523023748262295,-0.000186841688154785,-9.65284447386318e-05
0.000968953796309295,-0.00136988541129967,-3.30948606978061e-05
0.000717388469308261,-0.000841379626893277,2.34318009196039e-05
0.00208707286205131,-0.00295065749569257,-7.12845306532276e-05
0.00208707320278543,-0.00295065785624488,-7.12845095818519e-05
0.00208707316415503,-0.00295065781174812,-7.12845124794408e-05
0.00208707306717862,-0.0029506577077431,-7.12845186716495e-05
0.00208707314357012,-0.00295065779197838,-7.1284513469628e-05
0.00208707310991736,-0.00295065775448674,-7.12845158151632e-05
0.0020870731857585,-0.00295065783560964,-7.12845110027164e-05
-6.5191847794621e-05,0.0023261546996204,9.48848237307276e-05
-6.5191858435099e-05,0.00232615471056591,9.48848231168131e-05
-6.51919569810748e-05,0.00232615481686131,9.48848167390762e-05
-6.51917593486278e-05,0.00232615460286311,9.48848296453788e-05
0.050675594238232,0.00915633802726365,-0.00187668984704699
0.000717388784557915,-0.000841380011460705,2.3431827579334e-05
0.000693311616404151,-0.000812804769873642,2.26660643384793e-05
0.000698532818602193,-0.000819001400869281,2.28321270871466e-05
0.0051134133840699,-0.020768757122286,-0.000840266338940062
0.000717389090311056,-0.000841380405696844,2.34318564226399e-05
0.000717389552508915,-0.000841380881463295,2.34318831344632e-05
0.000717389397986494,-0.000841380710639204,2.34318725507838e-05
0.00511341379452888,-0.0207687575042221,-0.000840266320920195
0.000717388352034064,-0.000841379445597892,2.34317856290735e-05
0.000717389077940636,-0.000841380324985107,2.34318461549492e-05
0.000717389655822922,-0.000841380991290239,2.34318895943272e-05
0.000717389746821484,-0.000841381092157638,2.34318958648435e-05
0.000717388611545198,-0.000841379748434099,2.34318056447668e-05
0.00071738895271213,-0.000841380206790963,2.34318404227442e-05
0.000717388931723916,-0.000841380147900197,2.34318339700258e-05
0.000717389105745412,-0.000841380344276021,2.34318464507384e-05
0.0197665916475302,-0.00408592689303152,-0.000270913362073003
-0.00552718574487812,0.0049983326424573,-0.000178100903604414
-0.010766715871981,0.00973653319454556,-0.000346932766419393
0.000667606338353483,-0.000864239344405754,-1.41623837651932e-05
-0.00250444481924312,0.00204518674074615,-0.000112791925164545
-0.00420249574599136,0.00311033670927351,-0.000152356028660829
0.000522921249843462,-0.000651521243950569,-8.32831185463792e-06
8.10990035927497e-09,-8.7494541394162e-09,5.25113946699893e-10
7.9210987481673e-09,-8.54492500584429e-09,5.12771264268812e-10
8.02107311865981e-09,-8.65496112189331e-09,5.19550601847656e-10
-0.00180365930527564,-0.00294690474892638,0.000205127410869676
-0.002959168159921,0.00239277717146764,-0.000120089964383191
0.000614766732275962,-0.000786550159224289,-1.20309200686817e-05
0.000770177607738171,-0.00101505799914927,-1.8302129520048e-05
0.000770179700064654,-0.00101506023649436,-1.83019968508253e-05
0.000480134613150601,-0.000588615663708285,-6.60301345039265e-06
0.0235661547868869,-0.00246197697115988,-0.000468103677052284
0.0506760592033515,0.00915585047775177,-0.00187666171978894
-0.000292903214565967,6.71829128428604e-05,1.20165745267055e-06
0.0149558278057687,-0.00976403609226282,0.000446962981265405
0.0110121617272648,-0.00727225681272833,0.000335633077850758
-0.000927284629193858,0.000583732609044183,-1.47557175096259e-05
4.10499333265954e-05,-0.000217881938914546,7.03755977871976e-06
0.000432142149153937,-0.000554630152209223,1.60723974614269e-05
-0.00102079083962062,0.00066113972239327,-1.68601701683793e-05
-0.00195573212186736,0.00143511040365209,-3.79019052435459e-05
-0.000677798948266559,0.000404021308894758,-1.02912902443249e-05
-0.00195573223845155,0.00143511052875462,-3.79019126974042e-05
-0.00195573231806848,0.00143511061498995,-3.7901917900323e-05
-0.00195573233392933,0.00143511063243855,-3.79019189746585e-05
0.0124204085656661,-0.008136763752225,0.000375155193149565
0.000300761174991585,-0.000324903406750712,6.28558268819013e-07
0.000309345726441355,-0.000337524790797667,2.82303783925278e-07
0.000305315227191127,-0.000331599270040877,4.44775153480107e-07
0.000700279319914639,-0.000871841966482395,1.19240959778806e-06
0.000300762667380263,-0.000324905333788454,6.28699442531038e-07
0.000300762665444698,-0.000324905352278263,6.28702209021088e-07
0.000300761433125947,-0.000324903684839119,6.28574926365527e-07
0.000300761128941411,-0.000324903349624661,6.28554240937856e-07
0.000300762420974959,-0.00032490506277348,6.28682760201455e-07
0.000300762268054416,-0.000324904860275963,6.28667586318734e-07
0.000300761282395355,-0.000324903527020916,6.28565841020345e-07
0.00030076113312487,-0.000324903351788015,6.28554181568887e-07
0.000300761255191649,-0.000324903496204785,6.28563873413841e-07
0.000300761814954178,-0.000324904268242891,6.28623745423879e-07
-0.000664766126433993,0.000316563471517359,3.17762401569475e-06
0.000300761355993703,-0.000324903592834161,6.28568696819996e-07
0.000300761503374296,-0.000324903755281475,6.28578723680259e-07
0.000300761517379484,-0.000324903775368634,6.28580329998718e-07
0.0003007611930407,-0.000324903418293633,6.28558323159367e-07
0.000300761267848597,-0.000324903504645921,6.28563960235143e-07
0.0506760002719045,0.0091559122366365,-0.00187666527982683
0.000300761927685608,-0.00032490437472105,6.28628916662763e-07
0.000164789555616267,-0.000178017284836877,3.44402907662704e-07
-0.0233153949656947,-0.0258830559294902,0.00225574437184301
0.050675990547572,0.00915592242671052,-0.0018766658671572
0.000705015873321269,-0.000919243619899371,-1.56718330452555e-05
0.000480959022727683,-0.000589827699997917,-6.63624949028112e-06
0.000362913895943738,-0.000416279268352618,-1.87707622776486e-06
0.000409883583899047,-0.000485333461955475,-3.77073302515445e-06
0.000367379309300295,-0.000422844245769239,-2.05713335378525e-06
0.000522346766629912,-0.000650684964180149,-8.30700266660656e-06
0.000604438888792775,-0.00077138204166995,-1.16181116723996e-05
-0.00109899484360025,0.000523344047683906,5.25330718967448e-06
0.000713061001288485,-0.000836243727802217,2.32942325627791e-05
0.000701120873860147,-0.000822073028677283,2.29144580389785e-05
0.000706947189763539,-0.00082898786411397,2.30997766013071e-05
0.000707770704283571,-0.000829965213311609,2.3125970234751e-05
0.050675594637532,0.00915633759869827,-0.00187668982150494
0.0520738074713953,0.00975874559720861,-0.00194950637814794
0.0520738073507251,0.0097587457256072,-0.00194950638571007
0.0520738073227602,0.00975874575579914,-0.00194950638752385
0.0520738073275311,0.00975874575193591,-0.00194950638739536
0.052073806707647,0.00975874642201211,-0.00194950642771643
0.0520738069625183,0.00975874614451598,-0.00194950641085868
-0.00456750555561107,-0.00548396894449455,0.000416103696091938
-0.00405775364371482,-0.00501607034929951,0.000377194010792632
-0.00392028486467378,-0.00488988327344468,0.000366700565406162
0.000787385231196344,-0.000828114248736897,2.36767623361722e-05
0.000788683264805695,-0.000828433491703251,2.36929519714231e-05
0.00223823117784477,-0.00117918158162926,4.16582675516074e-05
0.00223823124749188,-0.00117918165952817,4.16582724490065e-05
0.00223823104538592,-0.00117918143517566,4.16582584762106e-05
0.00223823147581932,-0.00117918191214967,4.16582881167723e-05
0.00223823149969558,-0.00117918193904755,4.16582898227744e-05
0.00255354131262025,-0.00703443242510102,-0.000227809440719168
0.0506760625930178,0.00915584695523757,-0.00187666151920526
0.0506760570164448,0.00915585279829785,-0.00187666185593493
0.000755913442710593,-0.000820374772691473,2.3284269818193e-05
0.000576419897377398,-0.000704907689053889,2.37541167320862e-06
0.000704896507059208,-0.000808387511962719,2.2659758845375e-05
0.00068714983595308,-0.000796602373007903,2.22863654620629e-05
0.000741681154721199,-0.000816875661524687,2.310683155107e-05
0.00072233007155282,-0.000811429632107703,2.2851508452499e-05
0.000702751278012385,-0.000813132851812767,2.27414258106911e-05
0.000697514132868734,-0.000804647091399941,2.25282359050609e-05
0.00126082388327218,-0.000915697933978492,2.89913709638229e-05
0.0550925030407169,-0.0322575041234801,0.00177294728577534
0.00362795225991771,-0.0147353691161385,-0.000596166218236602
0.00104714375404457,-0.000891148501461221,2.69000636560113e-05
0.0550925032111042,-0.0322575043082979,0.00177294729694752
0.0550925030786679,-0.0322575041642508,0.00177294728820834
0.0550925031503124,-0.0322575042420415,0.00177294729291703
0.000774403132105793,-0.000824921461933454,2.35148452593597e-05
0.0303771465527405,-0.0177984471978545,0.000962632938499808
0.0231327889781713,-0.0137375466770465,0.000723420020350898
0.055092502772974,-0.0322575038319766,0.0017729472680672
0.0218550229388881,-0.013083476079018,0.000689168493606851
0.0253949812966936,-0.0152123849355316,0.000796135273081051
0.0550925028004288,-0.032257503861655,0.00177294726985312
0.0285902950247864,-0.0172216915638432,0.000896028833716549
0.0199782819790659,-0.00399554628499393,-0.000281894997991967
5.09063841230705e-12,-1.34954225862774e-11,1.45428860503287e-12
-1.76714761183736e-10,1.91810568645323e-10,-1.16052368915345e-11
2.84592961201746e-11,-3.05847932004217e-11,1.82603347921311e-12
-3.82510424509205e-11,4.15655736055829e-11,-2.51862523063012e-12
-8.43908339294049e-12,9.15998625347861e-12,-5.54212204890518e-13
2.45393622790761e-11,-2.66356172369378e-11,1.61155066019544e-12
5.52912385139181e-11,-5.99779882603372e-11,3.62596637467269e-12
1.592171353572e-10,-1.73030418772977e-10,1.04859508742295e-11
1.19974925215763e-10,-1.30223747166399e-10,7.87901012903905e-12
-6.56145686136436e-11,7.12196552774433e-11,-4.30904660913776e-12
-1.78696174884087e-11,1.93961155186917e-11,-1.17353480875493e-12
0.0040932335833605,-0.00313512281898559,0.000102900886164122
0.0527791918145761,-0.0362373696389172,0.0011042273799828
0.0265129892351894,-0.0169503102081957,0.000534785281743833
0.0590485564877829,-0.0376454884907468,0.0011760721324113
0.0590485562751071,-0.0376454882602213,0.00117607211848913
0.059048555256918,-0.0376454871598307,0.00117607205229375
0.0590485548927781,-0.0376454867676768,0.00117607202881448
-0.00260458672870875,-0.00012410656168429,0.000121689061581743
0.0590485564968173,-0.0376454884998007,0.0011760721328989
0.0269799331652692,-0.0140639276483591,0.000915116445343751
0.0590485558399517,-0.0376454877890871,0.00117607209007935
0.0527792132836545,-0.0362373739231902,0.00110422759172663
0.0429164311034494,-0.0340221621704982,0.000991203509734082
0.042916420259628,-0.0340221477999822,0.000991202432183858
0.0590485550814254,-0.0376454869712809,0.00117607204104058
0.0429163945142535,-0.0340221140495602,0.000991199925582621
0.0429163976722316,-0.034022118092065,0.000991200219361884
0.0429163942852253,-0.0340221137122236,0.000991199898071228
-0.00456429427514112,-0.00297446570129307,0.000337604446607619
0.000138084465434254,0.0032779086525102,-0.000297227155988039
0.00994368432456532,-0.00778144397887653,0.000235870508450631
0.00260318241885068,0.002762793142847,0.000355054575605832
0.00260318263165984,0.00276279291156886,0.000355054589622183
-2.28103729510946e-10,2.47587093348263e-10,-1.49797328845263e-11
0.000780957903444916,-0.000622457381007857,2.05863269666605e-05
-0.0011960552558694,-5.52991988218524e-05,5.57275030060232e-05
0.000138084175865356,0.00327790896804091,-0.000297227175176858
0.0124709764392644,-0.00624182245658297,0.000510816919881965
0.0164404730556649,-0.00986409197419771,0.000573475653136704
0.0385278515086727,-0.0300194028685095,0.000922126249176918
0.00260315535222493,0.0027628223816372,0.000355052817755481
0.0026031541006945,0.00276282373470746,0.000355052736319684
-0.00285973932287071,0.000598933582759526,7.47575646053765e-05
-0.000985765237154695,0.00135855290461965,-0.000115529440803533
0.037604448680557,-0.0291767588442255,0.000907548803616348
0.0338969552274039,-0.02579377757785,0.000849046597303135
0.0420147027354955,-0.0332016419503791,0.000977206577842682
0.0398362264635384,-0.0312133744371947,0.000942783581910102
0.0418925596189382,-0.0330901638021665,0.000975276609598144
0.00824676691308074,0.0159694905214159,0.00158613222221419
0.0420775969328274,-0.0332590444804038,0.000978200358113506
0.0420273410843646,-0.0332131766741427,0.000977406256832883
-0.00260372442891998,-0.000124873512917949,0.000121721939960598
-0.00260386369826856,-0.00012474963404908,0.000121716628508626
0.00260318495132705,0.00276279038937202,0.000355054742574142
0.00260318316085277,0.00276279233566354,0.000355054624587067
0.0257262328182528,-0.0111972592022788,0.00106480710080625
0.00260318388566208,0.0027627915527334,0.000355054671653431
0.00260318311157139,0.0027627923884395,0.000355054621451168
0.00013808446043585,0.00327790865882189,-0.000297227156440842
0.000138084430479756,0.0032779086919777,-0.000297227158498161
0.0189604468042078,-0.0148375238465916,0.000449753823424399
-0.000684711140120946,0.00193504150178722,-0.000185550566331018
-0.000491697724067113,0.00225005383710135,-0.000211747880215516
-0.000763567377223094,0.00180634315375346,-0.000174847640371142
-0.00154924377613294,0.000341804499335706,-5.79324390722269e-06
0.00013808417895679,0.00327790896388056,-0.000297227174860739
0.00260318554420635,0.00276278974523829,0.000355054781595212
0.00260318390579826,0.00276279153055243,0.000355054673021447
0.00260318314868663,0.00276279234896491,0.000355054623774607
0.002603183655461,0.00276279180136856,0.000355054656708592
0.00260318381886649,0.00276279162495784,0.000355054667305768
0.00260317224129929,0.00276280415601176,0.000355053911974263
-0.00260362650938106,-0.000124960669869632,0.000121725682617904
0.00260317787653166,0.00276279806839466,0.000355054277976304
0.00260318055668416,0.00276279516673771,0.000355054452941156
0.0424651660509512,-0.0336127710001987,0.000984323936756117
-0.00296594483295693,0.00089909912538993,5.52823121792659e-05
-0.0029038189783803,0.000723513400197285,6.66746157609428e-05
0.0239811579213744,-0.0125689057929716,0.00090256054502302
0.0367572561659586,-0.0260390256089659,0.0010300016609365
0.00260318577005493,0.00276278949774072,0.000355054796758239
0.0429164433006751,-0.0340221783873582,0.000991204729188524
0.00131333483757652,0.00139381268355477,0.000179127411477104
-4.47288477116761e-13,4.85497864048201e-13,-2.93743780383468e-14
-4.21158236781323e-11,4.57135571183311e-11,-2.76583654454317e-12
2.03861773589498e-12,-2.37422472656632e-12,1.56569218733852e-13
-1.62160651854933e-10,1.76013166029515e-10,-1.06494355724165e-11
-1.91596404922824e-13,2.31384949337331e-13,-1.58737340791886e-14
-1.16363572067352e-10,1.26399825085965e-10,-7.6553257200316e-12
7.41260386754622e-11,-8.0458364208145e-11,4.86803401823725e-12
1.19603670153919e-10,-1.29820820756607e-10,7.85463505802127e-12
-9.36699514965426e-11,1.01671651691333e-10,-6.15150236963339e-12
-2.91634246863088e-11,3.16546985671904e-11,-1.91522411005523e-12
1.43702297874515e-10,-1.55977989680472e-10,9.43723272336195e-12
1.43061850843434e-10,-1.55299678779673e-10,9.39754051232372e-12
-0.0016613294360425,-7.68185328137402e-05,7.74066286277291e-05
-0.00212037789452021,-9.80596456187745e-05,9.87965997605859e-05
0.0265212783918572,-0.0190631727486841,0.000732610453842391
0.039101990748491,-0.0305436468253184,0.000931222275101415
0.00260318369937497,0.00276279175468155,0.000355054659455037
0.0423610689609795,-0.0335177638626732,0.000982679229061137
0.00260316557659702,0.00276281135048131,0.000355053479848616
0.00260317328734737,0.002762803013681,0.000355053981643468
4.66184782734861e-11,-5.06008320006702e-11,3.06153303176838e-12
-2.53998471232119e-11,2.75696245383726e-11,-1.66806276165102e-12
6.55213408156184e-11,-6.75170795714837e-11,3.79684296403572e-12
-1.09761838307924e-10,1.19138171462556e-10,-7.208289383462e-12
1.46890229953581e-12,2.61616412629444e-13,-1.64346544259229e-13
1.01927193402077e-10,-1.10854584357993e-10,6.72473413139984e-12
-5.82533623592639e-11,6.322941926611e-11,-3.82559220271347e-12
1.22396341454725e-11,-1.32854358056983e-11,8.03835938500441e-13
3.61670615199493e-11,-3.92566071162025e-11,2.37516626509568e-12
3.65128567789396e-11,-3.96319506466427e-11,2.39787661863233e-12
6.31773701020769e-11,-6.85742545229573e-11,4.14898982265841e-12
-9.62875851436457e-11,1.04426428029275e-10,-6.31125695358455e-12
0.0406051638691124,-0.0319146829624234,0.000954883948999846
-0.00260375063221499,-0.000124852176296827,0.000121721217597999
0.00260316501992902,0.00276281195448886,0.000355053443321061
0.0325116724492941,-0.0207273110145757,0.000647536106883498
0.00260316513996928,0.00276281182402988,0.000355053451227454
0.00866318037863354,0.016943982575385,0.00167696907085905
0.0427104302236887,-0.0338366188794229,0.000988199073643652
-2.00861197130158e-10,2.18017357049717e-10,-1.31906548353899e-11
0.00260316511567351,0.0027628118505747,0.000355053449607504
-1.56932444136821e-11,1.70338304718766e-11,-1.03060829897758e-12
-1.58425447038876e-11,1.71957926318193e-11,-1.04040023095375e-12
0.00994450172341885,0.00528879024257765,-0.00160597035701494
-0.00251922132149482,-0.00105898879891974,6.34416851103455e-05
0.0337135415201198,-0.0261987341087209,0.000810959369515919
0.030576543139262,-0.0180279722614404,0.00106893420317952
0.0408365776482789,-0.0321263823617849,0.000958590568034934
-0.00260376886266878,-0.000124833985917624,0.00012172024484553
-0.00154924428837742,0.000341805054308152,-5.79327740262183e-06
0.0156690718859704,-0.0102682231853025,0.000325892751522583
0.0158703921884961,-0.0103922779393286,0.000329770896152039
-0.00154924408862858,0.000341804837812983,-5.79326432925573e-06
-0.00154924403735321,0.00034180478230326,-5.79326098238529e-06
-0.00154924394841656,0.000341804686028767,-5.79325517819718e-06
-0.00154924418733114,0.000341804944435003,-5.79327073929015e-06
-1.79679454755894e-10,1.95028538110412e-10,-1.17999371702892e-11
-0.00193038951573473,0.00179840536052489,-8.76998867881293e-05
0.0589158728692924,0.0310480833809565,0.0058743377804582
-0.00388892597701451,0.00362303315621003,-0.000176678515640748
-0.00260441562519901,-0.000124258831387277,0.000121695597611429
0.0219132240677368,-0.0124750704185991,0.000797644025027328
0.0993973203193938,0.0560778438095677,0.0101191199046347
-0.0105597876943558,0.00932238498274657,-0.000291054273331289
0.00246292628562326,0.00784853038490776,0.000631894273254007
-0.00260442281597189,-0.000124252598383923,0.000121695346293691
-0.00260359566698198,-0.000124987844076609,0.00012172682237031
0.00250223689154612,0.00642328126603615,0.000554312096019509
-0.00260366892708476,-0.000124923690954237,0.000121724170465615
0.0276916171879372,-0.0210794589025911,0.000693015713040289
-0.00260363138635083,-0.000124956664784997,0.000121725543407171
-0.00260349907035108,-0.00012507301457573,0.000121730400783688
-0.00260354899119003,-0.000125029164209465,0.000121728574725804
-0.00260347289492386,-0.000125096201175118,0.000121731385540841
0.0025209383479199,0.0057451595672614,0.000517398864613797
-0.00260348305355956,-0.00012508727161678,0.000121731013071502
0.0288140667157098,-0.0111288073131241,0.00134784634781401
-0.00260346970157599,-0.0001250989819845,0.000121731498946795
0.035518574371168,0.073134981908425,0.0068673729971071
0.0429126529617003,-0.0340211839483584,0.000991394200457898
0.0355185742385905,0.0731349820544701,0.00686737298809942
0.0355185741541926,0.0731349821420027,0.00686737298312947
0.0355185744147992,0.0731349818645216,0.00686737299948694
-0.00288209646823052,0.000662117118972937,7.06581161228087e-05
-0.00190319975765137,-8.79939577657784e-05,8.86753397807277e-05
-0.00186781958425888,-8.63562819952234e-05,8.70267003809894e-05
-0.00260847015517538,-0.000120644986508375,0.00012153992949905
-0.00260847031846633,-0.000120644948870953,0.000121539938393477
-0.00260847333643688,-0.000120641971854014,0.000121539782181475
-0.00260847331294865,-0.000120641906913055,0.000121539771015243
-0.00260555151460696,-0.000123246708815205,0.000121652029910857
-0.00260497360248053,-0.00012376163999605,0.000121674194454964
-2.77778528016268e-05,1.92308022405075e-05,-2.03260543734452e-06
-0.00260599193734338,-0.000122854146813027,0.000121635119272988
-0.0162204850235314,0.0123447044599391,-0.000450143208650771
-0.0202437315294061,0.0154993040592828,-0.000548221156954799
-0.0227267680538291,0.0174462359939132,-0.000608752192187601
-0.0248407739497656,0.0191038139559117,-0.000660287119681074
-0.0124271548544654,-0.0134299051355478,0.00114829689026952
-0.0104459880381534,-0.0115287361231141,0.000985599243109286
-0.0144645533981033,0.0133817510442898,-0.000441163984955689
0.00641069511177977,-0.00314648701404288,9.36880916639284e-05
0.0784749217953841,0.0451368617029803,0.00803478934616887
0.01098730808905,-0.00643820898076232,0.000216612606519534
-0.0038889255214927,0.00362303268770228,-0.000176678489369007
-0.00388892545488262,0.00362303261231769,-0.000176678484561152
-0.00388892557885906,0.00362303272479624,-0.000176678489598979
0.106381187708584,0.0597299285929446,0.0108148665379829
-0.0494836359152367,0.038426114073905,-0.00126102666075008
0.0253235815677254,0.0117171486933937,-0.00362871351243318
0.106381187591719,0.0597299287206947,0.0108148665301813
0.106381187732033,0.0597299285675242,0.0108148665395183
-0.0207204337421458,-0.000876828087406639,0.000715870215970299
0.0328234082290285,0.0153626823039345,-0.00480482514693157
4.05132066077663e-11,-4.39740351665102e-11,2.66058899840594e-12
-2.58486301334973e-11,2.80567398892216e-11,-1.69753462616474e-12
-1.47360933793904e-10,1.59949118221945e-10,-9.67749681510471e-12
0.0138236200996319,-0.00763532748939396,0.000491466472899755
0.0244477118555669,-0.0155424949823865,0.000491961669159301
-1.05019207687142e-10,1.13986582883877e-10,-6.89629367513485e-12
-1.30580146759753e-10,1.41734724392663e-10,-8.57545071930933e-12
0.00114485270115765,-0.00381988756612474,-0.000123902503573845
0.00114485233595358,-0.00381988719850773,-0.000123902523512518
0.00595365726614069,0.0127234323180164,0.00114917344405166
0.00743464517665657,0.0133084368392928,0.0012850537531043
0.000300034091815992,0.00157649152782585,0.000115581345431133
0.000300034016020193,0.00157649161034668,0.000115581340418303
0.00030003410860384,0.00157649150911424,0.000115581346602433
0.0205730637785518,0.00288464905047794,0.00159403701202937
0.000300033958402991,0.00157649167257573,0.000115581336678031
0.0490287940546734,0.0297385519703086,0.00510130807441284
0.0239377201879729,0.0315200525113976,0.00352035899418199
0.0490287912346171,0.0297385550302237,0.0051013078893606
0.00200908600427024,0.00200231339589874,-0.000595166625980503
-0.000154081257449661,0.000108006552351293,-1.75779057352278e-05
-0.000154081081502027,0.000108006361375216,-1.7577894180628e-05
-0.000154080775012864,0.000108006028663695,-1.75778740471228e-05
-0.000154081033919587,0.000108006309700663,-1.75778910519387e-05
-0.000154080794163846,0.000108006049453855,-1.75778753052601e-05
0.000137505858526396,-0.000458799588586364,-1.48817388885386e-05
6.92715408211779e-05,-0.000231129967206537,-7.49698010089605e-06
0.0124983199523819,-0.0144019290521703,3.61278138814316e-05
-0.0144645533974634,0.0133817510405951,-0.000441163984492086
-0.0144645533956876,0.0133817510377809,-0.000441163984250855
-0.0144645534347703,0.0133817510796132,-0.000441163986734726
0.106381188239917,0.059729928021298,0.0108148665721633
0.106381187832922,0.0597299284622566,0.010814866545548
-0.0494836356108915,0.0384261137495148,-0.0012610266415997
0.106381187748205,0.0597299285522489,0.0108148665402601
0.0673955800406831,0.0370156100387957,0.00680583050401189
-0.0494836352845126,0.0384261134080784,-0.00126102662196768
0.106381187777937,0.0597299285223929,0.0108148665418732
0.10638118784954,0.0597299284443704,0.0108148665466181
-0.0494836352656758,0.0384261133909981,-0.00126102662120359
0.0786570639224416,0.0435769270722972,0.00796389106374754
0.00194431992625048,-0.000453674531877198,6.99142981084196e-05
4.43449024053391e-06,2.67840155407387e-05,2.45015520540205e-06
4.43375761240141e-06,2.67848109063133e-05,2.45010707065472e-06
4.43372805755788e-06,2.67848427618228e-05,2.45010516120559e-06
4.43449021216729e-06,2.678401553409e-05,2.45015520879955e-06
0.00114493370387497,-0.00381997087115562,-0.00012389783281983
0.0423990341155897,0.0159106012632644,-0.00472618574725864
0.0368641517768034,0.0204275297898265,-0.00663167769376256
0.00110832056378632,-0.00270874196358272,-7.83390950876472e-05
0.0308892389072832,0.0253035601900996,-0.00868865876104929
0.0308892391074384,0.0253035599730664,-0.00868865874793561
0.0308892387733,0.0253035603350987,-0.00868865876978788
0.0308892387556577,0.0253035603545082,-0.00868865877098304
7.43630340739688e-05,-5.21453898797045e-05,-6.52177668457876e-06
-0.014573731490229,-0.0174064201313765,0.00143971854192242
0.0011976264229088,-0.000659910958098428,4.88434878895282e-06
-0.00512203023689312,-0.00589844121129798,0.000450477736936478
0.00288420661665509,-0.000362690905093503,5.26297910606063e-05
0.000678400602829826,0.000495230507317894,-0.000110672585200502
0.000777191312098479,-0.000953650349031543,-5.14247993381905e-06
0.000952471368511182,-0.00193556869868091,-4.60476494335353e-05
0.00148244644856378,-0.000412241153931201,6.20193409577474e-05
0.00122986266631823,-0.000476216468446201,7.41830005412234e-05
0.0011449693441442,-0.00382000869361173,-0.000123895613435865
0.0011449916153518,-0.00382003232945239,-0.000123894226425764
-0.0158699430362509,-0.0192513832994506,0.00157506081404386
0.00114512762866905,-0.00382017667234997,-0.000123885756386235
-0.00189480193975839,0.000902255511232528,9.06372836626152e-06
-0.000781587954463602,-1.71114426550339e-05,-3.16681863972333e-05
0.00107897541765888,-0.00182307555343609,-4.20460521121998e-05
0.0308892403130107,0.0253035586668072,-0.00868865866908611
0.0308892400348331,0.0253035589683714,-0.00868865868730171
0.0308892404422529,0.0253035585263293,-0.00868865866057107
0.00274769408032853,-0.00040839871283408,3.60296347208264e-05
0.00297387172711197,-0.000371699016652725,4.05741761902859e-05
0.00300033744918021,-0.000367404641369329,4.11059452445773e-05
0.00114489860101411,-0.0038199336205549,-0.000123900018521637
0.00114527225144314,-0.0038203301878625,-0.000123876745158797
0.00114489847976657,-0.00381993348944241,-0.000123900026414997
0.00114526653671284,-0.00382032412499678,-0.00012387710077709
0.00114508675056577,-0.00382013330566209,-0.000123888299929312
0.00114489809819253,-0.00381993307710713,-0.000123900051215964
0.00114489816422554,-0.00381993314887703,-0.000123900046865939
3.81076687901144e-05,-2.07009484577478e-05,-1.25046052064711e-05
0.00114489817580803,-0.00381993316117488,-0.000123900046143808
0.00114489822962377,-0.00381993321963941,-0.000123900042602363
0.0011448982613616,-0.00381993325307406,-0.000123900040660621
-0.0158699426435088,-0.0192513837078248,0.0015750608373181
0.00114489817548355,-0.00381993316070489,-0.000123900046181672
0.000101115449844584,-7.53477072694338e-05,-2.10703916607085e-06
-0.0158699426770633,-0.0192513836839083,0.00157506083687174
-0.0256002826330761,-0.00129782185697492,0.000892374240277744
-0.015869943878059,-0.0192513824425942,0.00157506076675142
-0.0142078067173865,-0.0171115269232713,0.00141342528912047
0.00114512326603477,-0.00382017203579633,-0.000123886029011434
0.00929365118860445,-0.0139432260642717,-0.000159017511112505
0.00114512253622273,-0.00382017126414788,-0.000123886074057833
0.00114514140119834,-0.00382019129190295,-0.000123884898217903
-0.00129349157906304,0.00113419995367812,-0.000232244441421129
-0.00129349144187568,0.00113419980465222,-0.000232244432394968
-0.0012934915609011,0.00113419993289771,-0.000232244440078451
-0.00129349159832706,0.00113419997314896,-0.000232244442484047
-0.00129349163967652,0.00113420001693857,-0.000232244445046082
-0.0200471010425763,-0.0216477536307691,0.00184772484233256
-0.0164167562755003,-0.0194485845922522,0.00160151349397217
0.0023467599619155,-0.000473453712368432,2.79737180240076e-05
0.00511341814953489,-0.0207687619170993,-0.000840266079066038
-0.0188101048811436,-0.0209089502504853,0.00174878732653977
0.00259689355684167,-0.000432867239335953,3.29996132250342e-05
0.00254203863177317,-0.000441768124320616,3.18974287925131e-05
-0.00151348805916418,0.000720727932950008,7.23448548238184e-06
0.00121021038510535,-0.000930580888838772,2.89203336191193e-05
0.000839693513588316,-0.000840984011586906,2.43295118831457e-05
0.00083969350414206,-0.000840984018201008,2.43295136330964e-05
0.000839693296648244,-0.000840983868233409,2.43295105813528e-05
0.000839692992925383,-0.000840983836138827,2.43295324522803e-05
0.00083969337330711,-0.000840983941666862,2.43295142421993e-05
0.00511341945596776,-0.0207687633363918,-0.000840265993093009
0.028590368340019,-0.0169113023506667,0.000903015567792674
0.00127417606767531,-0.000946048690475516,2.9712887381633e-05
0.00110870768107404,-0.000906036013739663,2.7662683395377e-05
0.00117668056734288,-0.000922472912787846,2.85048842596534e-05
0.00136158784819772,-0.000967186245841645,3.07959345187236e-05
0.00140114058434324,-0.000976750608298509,3.12859913899742e-05
0.00141281347663957,-0.000979573372494551,3.14306283963919e-05
-0.0137009451382003,-0.0185810457308435,0.0014760319480554
0.0506760652106732,0.00915584419001358,-0.00187666135798463
4.42594000014083e-09,-4.77267566980095e-09,2.86255563649014e-10
5.90524733889735e-09,-6.36892383588944e-09,3.8207987022329e-10
-0.00273616760465581,-0.00380291289070619,0.000276310840951744
0.00948263473862641,-0.00553942344502123,0.000311372942789501
-0.00195573197275997,0.00143511024204533,-3.79018954848022e-05
-0.00195573216738321,0.00143511045270057,-3.79019081827051e-05
-0.00154003668885005,0.00109098600546994,-2.85462824526308e-05
-0.00195573200422423,0.00143511027590492,-3.79018975100246e-05
0.010280664523157,-0.00602602132287354,0.00033574107882945
0.0394434364038483,-0.0238899694476424,0.00122936156655296
0.0506760439829264,0.00915586643712073,-0.00187666264047351
0.02203274177498,-0.0142496927214261,0.000643147193575655
0.0208174238209473,-0.0139306662448523,0.000582368726540987
-0.00126304934647721,0.000393871879910189,2.26608764691201e-05
0.0506755946113803,0.00915633762960304,-0.00187668982357636
0.00669909724775508,0.00633600375424836,-0.000508593381100207
-0.00041671752744973,-0.00157338092315517,9.39624590219406e-05
-3.61766003881617e-11,3.9266981615715e-11,-2.37579562259859e-12
-3.19405445703571e-09,3.46908879330277e-09,-2.10067187572453e-10
-2.95470911666217e-09,3.20934361925286e-09,-1.94355355082369e-10
-2.93392189443055e-09,3.18670005097619e-09,-1.92978886443339e-10
-3.0715285739953e-09,3.33605016965669e-09,-2.02014185663744e-10
-0.00151390228308466,0.000720924953820302,7.23649297354243e-06
0.00511341491592315,-0.0207687586221274,-0.000840266261228287
0.0465422405441967,0.00737541610788658,-0.00166142391953419
0.00669909672975785,0.00633600431453802,-0.000508593414843136
-0.00135278644224289,-0.00235781656487678,0.000161525052274145
0.000461582059686206,-0.000544594795833299,1.52938324319424e-05
0.0506755957523532,0.00915633640635127,-0.00187668975078066
0.00032503127933622,-0.000391577433552342,1.10832556594239e-05
0.000328040960378624,-0.000384504174261371,1.07449305292915e-05
0.000343744984653261,-0.000402792285079717,1.12539301036005e-05
0.000393222424205388,-0.000460411310744339,1.28575624186389e-05
0.0414413527499764,0.00517764832934098,-0.00139577106431488
0.000758112663757642,-0.000819110875425942,-1.14472085524581e-05
0.000756452770200139,-0.000787125235283229,-1.04417974167121e-05
0.000765114356880606,-3.38019430239158e-05,-4.33852586214895e-06
0.000859474513233882,-0.000412547636327007,-5.54510817123991e-06
0.00054305174125317,-0.000405631784256894,-2.25685901526518e-06
0.00073936446547916,-0.000919672631923316,-5.7829466206966e-06
0.000527077680244526,-0.000560284889021816,-7.57780029537006e-07
3.13423959866227e-06,0.000798182999723598,-2.99631691388787e-05
1.20042306360475e-10,-1.30255144971281e-10,7.87756979305949e-12
0.00236890758846938,-0.00410102139916123,1.54348553637331e-05
0.000433965165292753,-0.000113711063491511,-2.06805053030699e-06
0.000296370472275474,-7.7657150116977e-05,-1.41236676377624e-06
1.53462878437513e-10,-1.66572363894854e-10,1.00782307975049e-11
1.03940142343817e-11,-1.12819183243283e-11,6.82596957402298e-13
-7.45241564339175e-11,8.08903604168276e-11,-4.89416090451029e-12
-8.68008948395627e-05,-4.50799818541588e-05,2.23903997712996e-06
-0.000132943931705741,-6.90433083555842e-05,3.42924690502013e-06
-0.000311422569069437,-0.000161729126721018,8.03273058345729e-06
-0.000311422498589571,-0.000161729203307829,8.03273522413597e-06
-0.00066576458701076,0.000900181174815222,4.21685214036416e-06
0.000719064205687729,-0.00107718833159864,-2.4632763995243e-07
-1.42577053845045e-11,1.54756588131545e-11,-9.3633307773871e-13
-9.01588794565553e-12,9.78606745204522e-12,-5.92092656816807e-13
-9.83192241354814e-11,1.06712225659241e-10,-6.45600634373633e-12
2.18680093737389e-11,-2.37360737751711e-11,1.43611845679176e-12
-2.16810288655619e-11,2.35305602177951e-11,-1.42347925231819e-12
-1.19929297287346e-10,1.30174173478929e-10,-7.87600689904401e-12
-1.3728063428801e-10,1.49007720600052e-10,-9.01550315779694e-12
-9.84812842219568e-11,1.06893992550838e-10,-6.46747309582069e-12
-4.85298662750143e-11,5.26755041918474e-11,-3.18705859728843e-12
-6.04010137599251e-12,6.58225159346952e-12,-4.00344940885675e-13
-3.9211874143832e-11,4.25615427142615e-11,-2.57512854577226e-12
2.30467135058339e-11,-2.50154683864167e-11,1.51352648461397e-12
1.48040184166097e-10,-1.60686402293693e-10,9.72210589796979e-12
-4.2834693083317e-11,4.64938430348548e-11,-2.81304726397203e-12
0.0160135698669864,-0.00568966424020805,-7.61571874462507e-05
0.0159991991893467,-0.00569598430576533,-7.54009130596282e-05
0.0159933808277059,-0.0056985395905569,-7.50949840428699e-05
0.0159936111729401,-0.00569843897480973,-7.51070543508259e-05
0.0329254179818653,0.00155214463209848,-0.00095456148795879
0.0278991603102427,-0.00060200590023456,-0.000693398473390358
-0.000193651091104195,0.000537918909727529,2.37670436730383e-05
-0.00019365128372045,0.000537919119718838,2.37670308941094e-05
0.000327257008351422,-0.000249651101940583,2.34509539399588e-05
0.000617743903872723,-0.000724051493721663,2.02819190463974e-05
0.000601275348893459,-0.000705958932939026,1.97881994817003e-05
0.000628313667613057,-0.000735663681951016,2.05988063200933e-05
0.00071284500308995,-0.000832628212269337,2.32169902703519e-05
0.000711044108075614,-0.000829157179944246,2.31319204756854e-05
0.0116856231804693,-0.00740484797140188,0.000367009095270763
0.000711381973454911,-0.000829813417315591,2.31477292562752e-05
0.0067675705831576,-0.00445831288917551,0.000212909695291721
0.0506757638470406,0.00915616003498327,-0.00187667956645228
0.0216229148835622,0.00286900710405393,-0.00788839349320843
-0.000193650446300583,0.000537918204883428,2.3767086715453e-05
0.000678494237777254,-0.00114063440232448,-3.67244786801531e-05
0.00208707398670944,-0.00295065869864561,-7.12844592929621e-05
0.00208707679005408,-0.00295066172744703,-7.12842771612873e-05
0.00208707418940508,-0.00295065891591172,-7.12844463672252e-05
0.0622288669662541,0.00825675269983152,-0.0227021098547153
0.0622288669513014,0.00825675271330805,-0.0227021098553104
0.0622288665707378,0.00825675312999817,-0.0227021098808111
0.062228866785972,0.00825675289406434,-0.0227021098663511
0.062228866309559,0.00825675341222095,-0.0227021098977852
0.0622288667554139,0.00825675292818433,-0.0227021098684916
-0.000379048513908129,0.000180503916307319,1.81187843956758e-06
0.0622288661285845,0.00825675360402544,-0.0227021099090196
0.0506510610488188,0.00672056811489244,-0.0184783369424779
0.000991010237436879,-0.00133183088889666,-2.25927785828314e-05
0.00562111059651019,-0.0101081695224466,0.000461954256474405
0.0622288660904276,0.00825675364541005,-0.022702109911521
0.0622288659868017,0.00825675375751071,-0.0227021099182732
-0.0040118628500088,-0.0033233284142121,0.000351822464601842
0.00571453509473757,-0.00220633778128234,-2.27938545952787e-05
0.00519680761023952,-0.00203067129595171,-2.0145488341679e-05
0.00552476199353185,-0.00214194623141403,-2.18231875138802e-05
-0.00196360899077129,-0.000738016313321078,0.000139044344023472
0.0506759926781876,0.00915592018992495,-0.00187666573789253
7.99903026860669e-09,-8.63176174745168e-09,5.18205090986112e-10
7.70538417802196e-09,-8.31477634317953e-09,4.991659893833e-10
7.65105079652792e-09,-8.2553013412633e-09,4.95527506750004e-10
7.04094835696853e-09,-7.59654077940175e-09,4.5594695671404e-10
0.00402019435698816,-0.00211697765651649,0.000115128558576122
0.015968596345871,-0.00961886040573729,0.000500460369212043
0.0180297181501943,-0.0108603994224686,0.000565056482058314
0.000709753860188037,-0.00082665676981312,2.30713825015821e-05
0.019546386922694,-0.011773982843502,0.000612589401068262
0.00191069815218884,-0.00664664444070317,-0.000249954876269298
0.0180297094554387,-0.0108603900250186,0.000565055916683695
0.0180297120081641,-0.0108603927840889,0.000565056082679486
0.0180297069927712,-0.0108603873635891,0.000565055756586683
0.0180297068338743,-0.0108603871915875,0.000565055746217491
0.00384230374652824,-0.0140928443312895,-0.000544420087875292
0.0180297064282672,-0.0108603867532568,0.00056505571985097
-0.000971902052717854,0.000462820908734043,4.64593778787334e-06
0.0105667318067243,-0.0071577294107006,0.000267175752348766
0.0173111501358459,-0.00515794592033938,-0.00014229511032607
0.050675993961347,0.00915591889090082,-0.00187666566679912
-0.00270428615796896,-0.0026819299257224,0.000241780770630392
-0.00104335815339869,0.000113954184400817,-7.11559904559234e-05
-0.00104335782113868,0.000113953823910824,-7.11559686572278e-05
-0.00104335755675254,0.000113953536754899,-7.11559512684715e-05
-0.00104335789601324,0.000113953905152032,-7.11559735702595e-05
-0.00104335743549851,0.000113953405190587,-7.11559433121779e-05
-0.00104335760986121,0.000113953594536076,-7.11559547753018e-05
-0.00104335740455932,0.000113953371749511,-7.11559413001623e-05
-0.00104335755991488,0.000113953540377209,-7.11559515028265e-05
0.0017399082257988,-0.00700193118292405,-0.000282180659228248
-0.00104335783507632,0.000113953839129094,-7.11559695851909e-05
-0.00104335819290621,0.000113954227434537,-7.11559930717243e-05
-0.00931360969950612,-0.0100152311307123,0.000902583782603929
0.00511341357806109,-0.0207687573198085,-0.000840266328032829
0.000708056426630207,-0.000831278542760295,2.3162239202878e-05
0.000708120899844995,-0.000831327300977239,2.31634909478946e-05
0.000707916123720476,-0.000831172983484693,2.31595918928213e-05
0.00112588285001076,-0.00150126056162766,-1.71610872609681e-05
0.000707842092724022,-0.000831117450396592,2.3158218278107e-05
0.000707828198558643,-0.000831107252415007,2.31579920243994e-05
0.000708455855126545,-0.000831581438199487,2.31701100943693e-05
0.000708329276842053,-0.000831485280747349,2.31675918824421e-05
-0.00128771038358243,0.000613212467573075,6.15519572912212e-06
0.000709291555474921,-0.00083221699711024,2.31868349000656e-05
0.000708788129305844,-0.000831834146753864,2.3176761353216e-05
0.000708145961085695,-0.000831346292022284,2.31639828996346e-05
0.000707888708838934,-0.000831152911269365,2.31591524431667e-05
0.000714489947543058,-0.000837939600181538,2.33396783637986e-05
-0.00183312018915306,-0.0029739492322047,0.000207376353992363
0.000703441452968398,-0.000824827973927539,2.29883857450208e-05
0.000707448732235333,-0.000829584163281364,2.31158765270315e-05
0.000710203581963896,-0.000832853262360527,2.32034846506074e-05
0.00071101005157904,-0.000833810183500281,2.32291340083212e-05
0.000710336626994694,-0.000833011401381666,2.32076959258312e-05
0.000712291037346501,-0.000835330308023793,2.32698526036148e-05
0.0426705485562417,0.00571762258078354,-0.00146033302411096
0.000708923493689536,-0.000831733280788571,2.3173827284321e-05
0.00511341342163125,-0.0207687571670896,-0.000840266335906489
-0.0626229709586427,-0.0680768998763758,0.00587591222439598
-0.0626229709313957,-0.0680768999065686,0.00587591222627225
-0.0626229711002543,-0.0680768997245411,0.00587591221535942
-0.0626229709436888,-0.0680768998925392,0.0058759122253685
0.0520738070601885,0.00975874604330515,-0.0019495064051194
